laporan_id,koperasi_id,periode,tanggal_submit,persen_kelengkapan
LAP-000001,KDMP-00001,2026-03,2026-03-08,56.2
LAP-000002,KDMP-00001,2026-04,2026-04-05,51.3
LAP-000003,KDMP-00001,2026-05,2026-05-05,73.4
LAP-000004,KDMP-00001,2026-06,2026-06-05,77.3
LAP-000005,KDMP-00001,2026-07,2026-07-08,58.8
LAP-000006,KDMP-00001,2026-08,2026-08-10,59.2
LAP-000007,KDMP-00002,2026-03,2026-03-05,80.0
LAP-000008,KDMP-00002,2026-04,2026-04-01,89.9
LAP-000009,KDMP-00002,2026-05,2026-05-09,88.9
LAP-000010,KDMP-00002,2026-06,2026-06-03,88.3
LAP-000011,KDMP-00002,2026-07,2026-07-06,95.5
LAP-000012,KDMP-00002,2026-08,2026-08-01,99.7
LAP-000013,KDMP-00003,2026-03,2026-03-08,67.6
LAP-000014,KDMP-00003,2026-04,2026-04-02,72.4
LAP-000015,KDMP-00003,2026-05,2026-05-10,87.9
LAP-000016,KDMP-00003,2026-06,2026-06-08,83.1
LAP-000017,KDMP-00003,2026-07,2026-07-09,100
LAP-000018,KDMP-00003,2026-08,2026-08-06,100
LAP-000019,KDMP-00004,2026-03,2026-03-04,60.8
LAP-000020,KDMP-00004,2026-04,2026-04-03,86.4
LAP-000021,KDMP-00004,2026-05,2026-05-10,74.5
LAP-000022,KDMP-00004,2026-06,2026-06-05,18.1
LAP-000023,KDMP-00004,2026-07,2026-07-04,15.9
LAP-000024,KDMP-00004,2026-08,2026-08-01,31.9
LAP-000025,KDMP-00005,2026-03,2026-03-02,92.1
LAP-000026,KDMP-00005,2026-04,2026-04-06,91.2
LAP-000027,KDMP-00005,2026-05,2026-05-06,90.2
LAP-000028,KDMP-00005,2026-06,2026-06-02,61.1
LAP-000029,KDMP-00005,2026-07,2026-07-02,73.3
LAP-000030,KDMP-00005,2026-08,2026-08-08,60.3
LAP-000031,KDMP-00006,2026-03,2026-03-10,67.1
LAP-000032,KDMP-00006,2026-04,2026-04-06,66.9
LAP-000033,KDMP-00006,2026-05,2026-05-02,55.6
LAP-000034,KDMP-00006,2026-06,2026-06-01,67.6
LAP-000035,KDMP-00006,2026-07,2026-07-08,52.3
LAP-000036,KDMP-00006,2026-08,2026-08-05,31.6
LAP-000037,KDMP-00007,2026-03,2026-03-04,36.3
LAP-000038,KDMP-00007,2026-04,2026-04-01,64.4
LAP-000039,KDMP-00007,2026-05,2026-05-06,67.1
LAP-000040,KDMP-00007,2026-06,2026-06-02,80.1
LAP-000041,KDMP-00007,2026-07,2026-07-01,75.3
LAP-000042,KDMP-00007,2026-08,2026-08-04,94.1
LAP-000043,KDMP-00008,2026-03,2026-03-09,66.3
LAP-000044,KDMP-00008,2026-04,2026-04-02,68.1
LAP-000045,KDMP-00008,2026-05,2026-05-01,88.4
LAP-000046,KDMP-00008,2026-06,2026-06-10,95.5
LAP-000047,KDMP-00008,2026-07,2026-07-03,98.2
LAP-000048,KDMP-00008,2026-08,2026-08-01,100
LAP-000049,KDMP-00009,2026-03,2026-03-06,41.5
LAP-000050,KDMP-00009,2026-04,2026-04-09,65.0
LAP-000051,KDMP-00009,2026-05,2026-05-05,62.3
LAP-000052,KDMP-00009,2026-06,2026-06-01,71.5
LAP-000053,KDMP-00009,2026-07,2026-07-09,79.7
LAP-000054,KDMP-00009,2026-08,2026-08-03,77.4
LAP-000055,KDMP-00010,2026-03,2026-03-03,87.8
LAP-000056,KDMP-00010,2026-04,2026-04-06,92.2
LAP-000057,KDMP-00010,2026-05,2026-05-07,81.8
LAP-000058,KDMP-00010,2026-06,2026-06-07,85.6
LAP-000059,KDMP-00010,2026-07,2026-07-04,94.2
LAP-000060,KDMP-00010,2026-08,2026-08-04,97.3
LAP-000061,KDMP-00011,2026-03,2026-03-07,70.1
LAP-000062,KDMP-00011,2026-04,2026-04-01,58.0
LAP-000063,KDMP-00011,2026-05,2026-05-10,76.6
LAP-000064,KDMP-00011,2026-06,2026-06-05,69.3
LAP-000065,KDMP-00011,2026-07,2026-07-01,43.2
LAP-000066,KDMP-00011,2026-08,2026-08-09,41.6
LAP-000067,KDMP-00012,2026-03,2026-03-07,70.6
LAP-000068,KDMP-00012,2026-04,2026-04-09,73.6
LAP-000069,KDMP-00012,2026-05,2026-05-10,86.8
LAP-000070,KDMP-00012,2026-06,2026-06-01,93.0
LAP-000071,KDMP-00012,2026-07,2026-07-01,100
LAP-000072,KDMP-00012,2026-08,2026-08-02,100
LAP-000073,KDMP-00013,2026-03,2026-03-10,79.6
LAP-000074,KDMP-00013,2026-04,2026-04-05,56.7
LAP-000075,KDMP-00013,2026-05,2026-05-02,74.6
LAP-000076,KDMP-00013,2026-06,2026-06-03,45.0
LAP-000077,KDMP-00013,2026-07,2026-07-07,56.2
LAP-000078,KDMP-00013,2026-08,2026-08-06,33.5
LAP-000079,KDMP-00014,2026-03,2026-03-09,100
LAP-000080,KDMP-00014,2026-04,2026-04-01,92.8
LAP-000081,KDMP-00014,2026-05,2026-05-07,83.4
LAP-000082,KDMP-00014,2026-06,2026-06-02,72.1
LAP-000083,KDMP-00014,2026-07,2026-07-07,60.8
LAP-000084,KDMP-00014,2026-08,2026-08-08,50.8
LAP-000085,KDMP-00015,2026-03,2026-03-03,86.9
LAP-000086,KDMP-00015,2026-04,2026-04-06,58.5
LAP-000087,KDMP-00015,2026-05,2026-05-08,54.9
LAP-000088,KDMP-00015,2026-06,2026-06-08,60.9
LAP-000089,KDMP-00015,2026-07,2026-07-05,48.3
LAP-000090,KDMP-00015,2026-08,2026-08-05,38.8
LAP-000091,KDMP-00016,2026-03,2026-03-01,98.8
LAP-000092,KDMP-00016,2026-04,2026-04-03,100
LAP-000093,KDMP-00016,2026-05,2026-05-04,94.4
LAP-000094,KDMP-00016,2026-06,2026-06-02,69.4
LAP-000095,KDMP-00016,2026-07,2026-07-02,63.5
LAP-000096,KDMP-00016,2026-08,2026-08-10,60.8
LAP-000097,KDMP-00017,2026-03,2026-03-04,62.5
LAP-000098,KDMP-00017,2026-04,2026-04-07,75.1
LAP-000099,KDMP-00017,2026-05,2026-05-08,89.7
LAP-000100,KDMP-00017,2026-06,2026-06-07,98.0
LAP-000101,KDMP-00017,2026-07,2026-07-07,92.6
LAP-000102,KDMP-00017,2026-08,2026-08-06,96.1
LAP-000103,KDMP-00018,2026-03,2026-03-10,83.4
LAP-000104,KDMP-00018,2026-04,2026-04-01,66.4
LAP-000105,KDMP-00018,2026-05,2026-05-01,59.2
LAP-000106,KDMP-00018,2026-06,2026-06-07,46.3
LAP-000107,KDMP-00018,2026-07,2026-07-09,38.7
LAP-000108,KDMP-00018,2026-08,2026-08-03,37.6
LAP-000109,KDMP-00019,2026-03,2026-03-09,71.3
LAP-000110,KDMP-00019,2026-04,2026-04-01,84.6
LAP-000111,KDMP-00019,2026-05,2026-05-07,54.6
LAP-000112,KDMP-00019,2026-06,2026-06-01,56.6
LAP-000113,KDMP-00019,2026-07,2026-07-01,44.8
LAP-000114,KDMP-00019,2026-08,2026-08-01,39.4
LAP-000115,KDMP-00020,2026-03,2026-03-04,63.3
LAP-000116,KDMP-00020,2026-04,2026-04-01,72.7
LAP-000117,KDMP-00020,2026-05,2026-05-03,80.4
LAP-000118,KDMP-00020,2026-06,2026-06-02,96.5
LAP-000119,KDMP-00020,2026-07,2026-07-07,100
LAP-000120,KDMP-00020,2026-08,2026-08-01,98.1
LAP-000121,KDMP-00021,2026-03,2026-03-10,39.5
LAP-000122,KDMP-00021,2026-04,2026-04-04,11.4
LAP-000123,KDMP-00021,2026-05,2026-05-10,31.3
LAP-000124,KDMP-00021,2026-06,2026-06-03,9.0
LAP-000125,KDMP-00021,2026-07,2026-07-04,5.7
LAP-000126,KDMP-00021,2026-08,2026-08-03,22.1
LAP-000127,KDMP-00022,2026-03,2026-03-01,87.3
LAP-000128,KDMP-00022,2026-04,2026-04-06,92.2
LAP-000129,KDMP-00022,2026-05,2026-05-04,83.2
LAP-000130,KDMP-00022,2026-06,2026-06-08,95.3
LAP-000131,KDMP-00022,2026-07,2026-07-10,95.1
LAP-000132,KDMP-00022,2026-08,2026-08-10,89.3
LAP-000133,KDMP-00023,2026-03,2026-03-02,44.4
LAP-000134,KDMP-00023,2026-04,2026-04-03,56.1
LAP-000135,KDMP-00023,2026-05,2026-05-01,74.5
LAP-000136,KDMP-00023,2026-06,2026-06-09,52.6
LAP-000137,KDMP-00023,2026-07,2026-07-03,71.4
LAP-000138,KDMP-00023,2026-08,2026-08-08,89.3
LAP-000139,KDMP-00024,2026-03,2026-03-08,44.0
LAP-000140,KDMP-00024,2026-04,2026-04-06,65.5
LAP-000141,KDMP-00024,2026-05,2026-05-05,53.6
LAP-000142,KDMP-00024,2026-06,2026-06-10,83.0
LAP-000143,KDMP-00024,2026-07,2026-07-01,90.1
LAP-000144,KDMP-00024,2026-08,2026-08-09,69.2
LAP-000145,KDMP-00025,2026-03,2026-03-05,99.3
LAP-000146,KDMP-00025,2026-04,2026-04-06,93.9
LAP-000147,KDMP-00025,2026-05,2026-05-02,84.5
LAP-000148,KDMP-00025,2026-06,2026-06-01,82.5
LAP-000149,KDMP-00025,2026-07,2026-07-02,92.6
LAP-000150,KDMP-00025,2026-08,2026-08-10,94.4
LAP-000151,KDMP-00026,2026-03,2026-03-06,71.8
LAP-000152,KDMP-00026,2026-04,2026-04-05,71.6
LAP-000153,KDMP-00026,2026-05,2026-05-05,75.2
LAP-000154,KDMP-00026,2026-06,2026-06-07,63.2
LAP-000155,KDMP-00026,2026-07,2026-07-03,60.2
LAP-000156,KDMP-00026,2026-08,2026-08-10,49.0
LAP-000157,KDMP-00027,2026-03,2026-03-06,100
LAP-000158,KDMP-00027,2026-04,2026-04-08,88.8
LAP-000159,KDMP-00027,2026-05,2026-05-01,88.6
LAP-000160,KDMP-00027,2026-06,2026-06-07,73.4
LAP-000161,KDMP-00027,2026-07,2026-07-04,64.8
LAP-000162,KDMP-00027,2026-08,2026-08-07,62.6
LAP-000163,KDMP-00028,2026-03,2026-03-07,82.1
LAP-000164,KDMP-00028,2026-04,2026-04-05,96.8
LAP-000165,KDMP-00028,2026-05,2026-05-01,90.8
LAP-000166,KDMP-00028,2026-06,2026-06-05,89.0
LAP-000167,KDMP-00028,2026-07,2026-07-03,64.4
LAP-000168,KDMP-00028,2026-08,2026-08-07,74.2
LAP-000169,KDMP-00029,2026-03,2026-03-04,50.5
LAP-000170,KDMP-00029,2026-04,2026-04-02,61.3
LAP-000171,KDMP-00029,2026-05,2026-05-06,61.7
LAP-000172,KDMP-00029,2026-06,2026-06-06,50.9
LAP-000173,KDMP-00029,2026-07,2026-07-01,80.6
LAP-000174,KDMP-00029,2026-08,2026-08-04,52.2
LAP-000175,KDMP-00030,2026-03,2026-03-02,67.4
LAP-000176,KDMP-00030,2026-04,2026-04-02,72.5
LAP-000177,KDMP-00030,2026-05,2026-05-01,79.4
LAP-000178,KDMP-00030,2026-06,2026-06-08,88.7
LAP-000179,KDMP-00030,2026-07,2026-07-06,100
LAP-000180,KDMP-00030,2026-08,2026-08-05,95.0
LAP-000181,KDMP-00031,2026-03,2026-03-04,99.0
LAP-000182,KDMP-00031,2026-04,2026-04-06,90.8
LAP-000183,KDMP-00031,2026-05,2026-05-10,82.7
LAP-000184,KDMP-00031,2026-06,2026-06-07,72.5
LAP-000185,KDMP-00031,2026-07,2026-07-06,73.5
LAP-000186,KDMP-00031,2026-08,2026-08-06,53.1
LAP-000187,KDMP-00032,2026-03,2026-03-08,93.9
LAP-000188,KDMP-00032,2026-04,2026-04-06,91.7
LAP-000189,KDMP-00032,2026-05,2026-05-02,94.5
LAP-000190,KDMP-00032,2026-06,2026-06-02,91.5
LAP-000191,KDMP-00032,2026-07,2026-07-09,95.2
LAP-000192,KDMP-00032,2026-08,2026-08-09,92.7
LAP-000193,KDMP-00033,2026-03,2026-03-05,63.3
LAP-000194,KDMP-00033,2026-04,2026-04-07,79.5
LAP-000195,KDMP-00033,2026-05,2026-05-07,84.3
LAP-000196,KDMP-00033,2026-06,2026-06-02,88.3
LAP-000197,KDMP-00033,2026-07,2026-07-04,100
LAP-000198,KDMP-00033,2026-08,2026-08-10,100
LAP-000199,KDMP-00034,2026-03,2026-03-09,47.4
LAP-000200,KDMP-00034,2026-04,2026-04-09,53.1
LAP-000201,KDMP-00034,2026-05,2026-05-06,74.1
LAP-000202,KDMP-00034,2026-06,2026-06-01,73.4
LAP-000203,KDMP-00034,2026-07,2026-07-04,83.7
LAP-000204,KDMP-00034,2026-08,2026-08-08,94.1
LAP-000205,KDMP-00035,2026-03,2026-03-02,77.1
LAP-000206,KDMP-00035,2026-04,2026-04-04,67.3
LAP-000207,KDMP-00035,2026-05,2026-05-02,77.4
LAP-000208,KDMP-00035,2026-06,2026-06-03,68.0
LAP-000209,KDMP-00035,2026-07,2026-07-06,50.8
LAP-000210,KDMP-00035,2026-08,2026-08-04,63.8
LAP-000211,KDMP-00036,2026-03,2026-03-03,56.9
LAP-000212,KDMP-00036,2026-04,2026-04-10,72.1
LAP-000213,KDMP-00036,2026-05,2026-05-04,72.4
LAP-000214,KDMP-00036,2026-06,2026-06-03,75.2
LAP-000215,KDMP-00036,2026-07,2026-07-07,56.7
LAP-000216,KDMP-00036,2026-08,2026-08-01,59.3
LAP-000217,KDMP-00037,2026-03,2026-03-09,96.3
LAP-000218,KDMP-00037,2026-04,2026-04-06,100
LAP-000219,KDMP-00037,2026-05,2026-05-03,81.4
LAP-000220,KDMP-00037,2026-06,2026-06-08,81.9
LAP-000221,KDMP-00037,2026-07,2026-07-10,64.8
LAP-000222,KDMP-00037,2026-08,2026-08-05,58.6
LAP-000223,KDMP-00038,2026-03,2026-03-08,83.3
LAP-000224,KDMP-00038,2026-04,2026-04-10,98.4
LAP-000225,KDMP-00038,2026-05,2026-05-03,98.7
LAP-000226,KDMP-00038,2026-06,2026-06-09,84.5
LAP-000227,KDMP-00038,2026-07,2026-07-03,97.3
LAP-000228,KDMP-00038,2026-08,2026-08-04,80.9
LAP-000229,KDMP-00039,2026-03,2026-03-01,72.0
LAP-000230,KDMP-00039,2026-04,2026-04-05,68.4
LAP-000231,KDMP-00039,2026-05,2026-05-01,72.0
LAP-000232,KDMP-00039,2026-06,2026-06-10,52.1
LAP-000233,KDMP-00039,2026-07,2026-07-03,56.0
LAP-000234,KDMP-00039,2026-08,2026-08-05,66.5
LAP-000235,KDMP-00040,2026-03,2026-03-05,59.6
LAP-000236,KDMP-00040,2026-04,2026-04-02,73.7
LAP-000237,KDMP-00040,2026-05,2026-05-09,84.7
LAP-000238,KDMP-00040,2026-06,2026-06-10,84.6
LAP-000239,KDMP-00040,2026-07,2026-07-08,89.8
LAP-000240,KDMP-00040,2026-08,2026-08-06,99.6
LAP-000241,KDMP-00041,2026-03,2026-03-06,77.6
LAP-000242,KDMP-00041,2026-04,2026-04-06,77.0
LAP-000243,KDMP-00041,2026-05,2026-05-07,54.1
LAP-000244,KDMP-00041,2026-06,2026-06-08,51.8
LAP-000245,KDMP-00041,2026-07,2026-07-10,60.4
LAP-000246,KDMP-00041,2026-08,2026-08-10,72.1
LAP-000247,KDMP-00042,2026-03,2026-03-09,93.6
LAP-000248,KDMP-00042,2026-04,2026-04-02,100
LAP-000249,KDMP-00042,2026-05,2026-05-07,77.4
LAP-000250,KDMP-00042,2026-06,2026-06-04,81.4
LAP-000251,KDMP-00042,2026-07,2026-07-03,62.4
LAP-000252,KDMP-00042,2026-08,2026-08-07,52.7
LAP-000253,KDMP-00043,2026-03,2026-03-03,94.0
LAP-000254,KDMP-00043,2026-04,2026-04-08,84.8
LAP-000255,KDMP-00043,2026-05,2026-05-08,61.8
LAP-000256,KDMP-00043,2026-06,2026-06-02,48.4
LAP-000257,KDMP-00043,2026-07,2026-07-09,46.8
LAP-000258,KDMP-00043,2026-08,2026-08-01,45.6
LAP-000259,KDMP-00044,2026-03,2026-03-07,71.4
LAP-000260,KDMP-00044,2026-04,2026-04-08,80.8
LAP-000261,KDMP-00044,2026-05,2026-05-08,74.1
LAP-000262,KDMP-00044,2026-06,2026-06-09,81.7
LAP-000263,KDMP-00044,2026-07,2026-07-04,97.7
LAP-000264,KDMP-00044,2026-08,2026-08-01,100
LAP-000265,KDMP-00045,2026-03,2026-03-06,86.7
LAP-000266,KDMP-00045,2026-04,2026-04-09,83.4
LAP-000267,KDMP-00045,2026-05,2026-05-03,95.9
LAP-000268,KDMP-00045,2026-06,2026-06-02,92.6
LAP-000269,KDMP-00045,2026-07,2026-07-01,94.6
LAP-000270,KDMP-00045,2026-08,2026-08-05,92.8
LAP-000271,KDMP-00046,2026-03,2026-03-03,73.3
LAP-000272,KDMP-00046,2026-04,2026-04-05,78.7
LAP-000273,KDMP-00046,2026-05,2026-05-07,50.6
LAP-000274,KDMP-00046,2026-06,2026-06-06,65.1
LAP-000275,KDMP-00046,2026-07,2026-07-07,66.2
LAP-000276,KDMP-00046,2026-08,2026-08-03,64.5
LAP-000277,KDMP-00047,2026-03,2026-03-01,87.4
LAP-000278,KDMP-00047,2026-04,2026-04-07,96.8
LAP-000279,KDMP-00047,2026-05,2026-05-01,96.6
LAP-000280,KDMP-00047,2026-06,2026-06-04,96.9
LAP-000281,KDMP-00047,2026-07,2026-07-04,94.1
LAP-000282,KDMP-00047,2026-08,2026-08-06,96.1
LAP-000283,KDMP-00048,2026-03,2026-03-07,40.0
LAP-000284,KDMP-00048,2026-04,2026-04-05,49.8
LAP-000285,KDMP-00048,2026-05,2026-05-02,47.5
LAP-000286,KDMP-00048,2026-06,2026-06-08,15.5
LAP-000287,KDMP-00048,2026-07,2026-07-10,13.0
LAP-000288,KDMP-00048,2026-08,2026-08-10,17.5
LAP-000289,KDMP-00049,2026-03,2026-03-09,84.2
LAP-000290,KDMP-00049,2026-04,2026-04-10,98.5
LAP-000291,KDMP-00049,2026-05,2026-05-10,94.0
LAP-000292,KDMP-00049,2026-06,2026-06-10,93.6
LAP-000293,KDMP-00049,2026-07,2026-07-05,96.8
LAP-000294,KDMP-00049,2026-08,2026-08-10,96.8
LAP-000295,KDMP-00050,2026-03,2026-03-05,30.3
LAP-000296,KDMP-00050,2026-04,2026-04-09,27.2
LAP-000297,KDMP-00050,2026-05,2026-05-10,23.1
LAP-000298,KDMP-00050,2026-06,2026-06-06,40.6
LAP-000299,KDMP-00050,2026-07,2026-07-01,48.4
LAP-000300,KDMP-00050,2026-08,2026-08-10,52.6
LAP-000301,KDMP-00051,2026-03,2026-03-04,67.7
LAP-000302,KDMP-00051,2026-04,2026-04-07,67.9
LAP-000303,KDMP-00051,2026-05,2026-05-07,87.9
LAP-000304,KDMP-00051,2026-06,2026-06-03,19.3
LAP-000305,KDMP-00051,2026-07,2026-07-04,12.5
LAP-000306,KDMP-00051,2026-08,2026-08-05,58.5
LAP-000307,KDMP-00052,2026-03,2026-03-02,78.6
LAP-000308,KDMP-00052,2026-04,2026-04-03,54.2
LAP-000309,KDMP-00052,2026-05,2026-05-10,73.0
LAP-000310,KDMP-00052,2026-06,2026-06-09,72.5
LAP-000311,KDMP-00052,2026-07,2026-07-02,75.8
LAP-000312,KDMP-00052,2026-08,2026-08-02,71.1
LAP-000313,KDMP-00053,2026-03,2026-03-05,23.6
LAP-000314,KDMP-00053,2026-04,2026-04-06,33.6
LAP-000315,KDMP-00053,2026-05,2026-05-01,15.1
LAP-000316,KDMP-00053,2026-06,2026-06-02,4.4
LAP-000317,KDMP-00053,2026-07,2026-07-08,10.0
LAP-000318,KDMP-00053,2026-08,2026-08-03,16.1
LAP-000319,KDMP-00054,2026-03,2026-03-04,95.2
LAP-000320,KDMP-00054,2026-04,2026-04-09,100
LAP-000321,KDMP-00054,2026-05,2026-05-05,90.3
LAP-000322,KDMP-00054,2026-06,2026-06-05,84.0
LAP-000323,KDMP-00054,2026-07,2026-07-03,61.8
LAP-000324,KDMP-00054,2026-08,2026-08-08,54.7
LAP-000325,KDMP-00055,2026-03,2026-03-08,40.1
LAP-000326,KDMP-00055,2026-04,2026-04-09,8.0
LAP-000327,KDMP-00055,2026-05,2026-05-09,41.4
LAP-000328,KDMP-00055,2026-06,2026-06-03,11.6
LAP-000329,KDMP-00055,2026-07,2026-07-09,14.6
LAP-000330,KDMP-00055,2026-08,2026-08-08,35.2
LAP-000331,KDMP-00056,2026-03,2026-03-09,37.3
LAP-000332,KDMP-00056,2026-04,2026-04-05,66.5
LAP-000333,KDMP-00056,2026-05,2026-05-09,48.0
LAP-000334,KDMP-00056,2026-06,2026-06-02,52.6
LAP-000335,KDMP-00056,2026-07,2026-07-04,91.4
LAP-000336,KDMP-00056,2026-08,2026-08-05,83.2
LAP-000337,KDMP-00057,2026-03,2026-03-06,49.3
LAP-000338,KDMP-00057,2026-04,2026-04-08,51.5
LAP-000339,KDMP-00057,2026-05,2026-05-10,68.0
LAP-000340,KDMP-00057,2026-06,2026-06-05,70.6
LAP-000341,KDMP-00057,2026-07,2026-07-06,70.0
LAP-000342,KDMP-00057,2026-08,2026-08-08,76.5
LAP-000343,KDMP-00058,2026-03,2026-03-10,24.7
LAP-000344,KDMP-00058,2026-04,2026-04-07,34.0
LAP-000345,KDMP-00058,2026-05,2026-05-09,12.9
LAP-000346,KDMP-00058,2026-06,2026-06-01,16.7
LAP-000347,KDMP-00058,2026-07,2026-07-08,50.7
LAP-000348,KDMP-00058,2026-08,2026-08-07,14.1
LAP-000349,KDMP-00059,2026-03,2026-03-01,75.7
LAP-000350,KDMP-00059,2026-04,2026-04-01,76.9
LAP-000351,KDMP-00059,2026-05,2026-05-03,68.4
LAP-000352,KDMP-00059,2026-06,2026-06-07,63.3
LAP-000353,KDMP-00059,2026-07,2026-07-01,62.8
LAP-000354,KDMP-00059,2026-08,2026-08-06,53.2
LAP-000355,KDMP-00060,2026-03,2026-03-06,70.6
LAP-000356,KDMP-00060,2026-04,2026-04-09,78.6
LAP-000357,KDMP-00060,2026-05,2026-05-05,60.5
LAP-000358,KDMP-00060,2026-06,2026-06-09,51.5
LAP-000359,KDMP-00060,2026-07,2026-07-06,59.4
LAP-000360,KDMP-00060,2026-08,2026-08-06,38.1
LAP-000361,KDMP-00061,2026-03,2026-03-06,70.4
LAP-000362,KDMP-00061,2026-04,2026-04-03,67.2
LAP-000363,KDMP-00061,2026-05,2026-05-07,78.3
LAP-000364,KDMP-00061,2026-06,2026-06-01,87.2
LAP-000365,KDMP-00061,2026-07,2026-07-09,90.8
LAP-000366,KDMP-00061,2026-08,2026-08-09,100
LAP-000367,KDMP-00062,2026-03,2026-03-07,42.0
LAP-000368,KDMP-00062,2026-04,2026-04-03,43.0
LAP-000369,KDMP-00062,2026-05,2026-05-01,18.7
LAP-000370,KDMP-00062,2026-06,2026-06-07,21.8
LAP-000371,KDMP-00062,2026-07,2026-07-05,23.0
LAP-000372,KDMP-00062,2026-08,2026-08-03,20.3
LAP-000373,KDMP-00063,2026-03,2026-03-05,40.0
LAP-000374,KDMP-00063,2026-04,2026-04-05,63.6
LAP-000375,KDMP-00063,2026-05,2026-05-09,48.0
LAP-000376,KDMP-00063,2026-06,2026-06-08,70.2
LAP-000377,KDMP-00063,2026-07,2026-07-01,89.4
LAP-000378,KDMP-00063,2026-08,2026-08-04,62.8
LAP-000379,KDMP-00064,2026-03,2026-03-07,84.0
LAP-000380,KDMP-00064,2026-04,2026-04-07,98.2
LAP-000381,KDMP-00064,2026-05,2026-05-04,80.3
LAP-000382,KDMP-00064,2026-06,2026-06-08,96.7
LAP-000383,KDMP-00064,2026-07,2026-07-02,97.3
LAP-000384,KDMP-00064,2026-08,2026-08-04,89.1
LAP-000385,KDMP-00065,2026-03,2026-03-01,72.5
LAP-000386,KDMP-00065,2026-04,2026-04-05,83.7
LAP-000387,KDMP-00065,2026-05,2026-05-05,72.9
LAP-000388,KDMP-00065,2026-06,2026-06-04,46.7
LAP-000389,KDMP-00065,2026-07,2026-07-07,49.1
LAP-000390,KDMP-00065,2026-08,2026-08-01,32.7
LAP-000391,KDMP-00066,2026-03,2026-03-06,48.8
LAP-000392,KDMP-00066,2026-04,2026-04-09,42.1
LAP-000393,KDMP-00066,2026-05,2026-05-09,32.4
LAP-000394,KDMP-00066,2026-06,2026-06-10,13.2
LAP-000395,KDMP-00066,2026-07,2026-07-05,30.7
LAP-000396,KDMP-00066,2026-08,2026-08-04,25.3
LAP-000397,KDMP-00067,2026-03,2026-03-10,61.5
LAP-000398,KDMP-00067,2026-04,2026-04-07,65.8
LAP-000399,KDMP-00067,2026-05,2026-05-10,85.3
LAP-000400,KDMP-00067,2026-06,2026-06-08,91.3
LAP-000401,KDMP-00067,2026-07,2026-07-10,100
LAP-000402,KDMP-00067,2026-08,2026-08-03,100
LAP-000403,KDMP-00068,2026-03,2026-03-06,69.7
LAP-000404,KDMP-00068,2026-04,2026-04-09,81.8
LAP-000405,KDMP-00068,2026-05,2026-05-04,78.5
LAP-000406,KDMP-00068,2026-06,2026-06-10,89.0
LAP-000407,KDMP-00068,2026-07,2026-07-01,95.7
LAP-000408,KDMP-00068,2026-08,2026-08-01,98.9
LAP-000409,KDMP-00069,2026-03,2026-03-06,26.8
LAP-000410,KDMP-00069,2026-04,2026-04-07,40.4
LAP-000411,KDMP-00069,2026-05,2026-05-08,40.3
LAP-000412,KDMP-00069,2026-06,2026-06-09,19.1
LAP-000413,KDMP-00069,2026-07,2026-07-01,50.8
LAP-000414,KDMP-00069,2026-08,2026-08-08,31.9
LAP-000415,KDMP-00070,2026-03,2026-03-04,81.1
LAP-000416,KDMP-00070,2026-04,2026-04-01,73.1
LAP-000417,KDMP-00070,2026-05,2026-05-10,75.3
LAP-000418,KDMP-00070,2026-06,2026-06-09,65.0
LAP-000419,KDMP-00070,2026-07,2026-07-07,38.1
LAP-000420,KDMP-00070,2026-08,2026-08-10,31.5
LAP-000421,KDMP-00071,2026-03,2026-03-03,97.8
LAP-000422,KDMP-00071,2026-04,2026-04-01,99.5
LAP-000423,KDMP-00071,2026-05,2026-05-02,92.2
LAP-000424,KDMP-00071,2026-06,2026-06-09,52.1
LAP-000425,KDMP-00071,2026-07,2026-07-03,51.2
LAP-000426,KDMP-00071,2026-08,2026-08-05,38.2
LAP-000427,KDMP-00072,2026-03,2026-03-01,69.5
LAP-000428,KDMP-00072,2026-04,2026-04-05,65.0
LAP-000429,KDMP-00072,2026-05,2026-05-04,54.9
LAP-000430,KDMP-00072,2026-06,2026-06-08,53.1
LAP-000431,KDMP-00072,2026-07,2026-07-08,71.3
LAP-000432,KDMP-00072,2026-08,2026-08-07,59.1
LAP-000433,KDMP-00073,2026-03,2026-03-10,64.7
LAP-000434,KDMP-00073,2026-04,2026-04-02,61.7
LAP-000435,KDMP-00073,2026-05,2026-05-02,71.0
LAP-000436,KDMP-00073,2026-06,2026-06-07,66.4
LAP-000437,KDMP-00073,2026-07,2026-07-09,73.6
LAP-000438,KDMP-00073,2026-08,2026-08-04,73.1
LAP-000439,KDMP-00074,2026-03,2026-03-09,36.1
LAP-000440,KDMP-00074,2026-04,2026-04-03,60.8
LAP-000441,KDMP-00074,2026-05,2026-05-06,70.7
LAP-000442,KDMP-00074,2026-06,2026-06-09,76.7
LAP-000443,KDMP-00074,2026-07,2026-07-09,87.3
LAP-000444,KDMP-00074,2026-08,2026-08-05,87.2
LAP-000445,KDMP-00075,2026-03,2026-03-07,38.4
LAP-000446,KDMP-00075,2026-04,2026-04-04,45.2
LAP-000447,KDMP-00075,2026-05,2026-05-07,51.0
LAP-000448,KDMP-00075,2026-06,2026-06-06,52.0
LAP-000449,KDMP-00075,2026-07,2026-07-07,81.9
LAP-000450,KDMP-00075,2026-08,2026-08-05,83.9
LAP-000451,KDMP-00076,2026-03,2026-03-07,83.3
LAP-000452,KDMP-00076,2026-04,2026-04-05,96.8
LAP-000453,KDMP-00076,2026-05,2026-05-04,98.6
LAP-000454,KDMP-00076,2026-06,2026-06-08,82.0
LAP-000455,KDMP-00076,2026-07,2026-07-01,83.8
LAP-000456,KDMP-00076,2026-08,2026-08-03,87.7
LAP-000457,KDMP-00077,2026-03,2026-03-04,69.7
LAP-000458,KDMP-00077,2026-04,2026-04-02,76.4
LAP-000459,KDMP-00077,2026-05,2026-05-09,80.4
LAP-000460,KDMP-00077,2026-06,2026-06-02,100
LAP-000461,KDMP-00077,2026-07,2026-07-09,100
LAP-000462,KDMP-00077,2026-08,2026-08-03,95.4
LAP-000463,KDMP-00078,2026-03,2026-03-06,56.4
LAP-000464,KDMP-00078,2026-04,2026-04-10,62.6
LAP-000465,KDMP-00078,2026-05,2026-05-10,55.2
LAP-000466,KDMP-00078,2026-06,2026-06-01,68.9
LAP-000467,KDMP-00078,2026-07,2026-07-03,89.5
LAP-000468,KDMP-00078,2026-08,2026-08-08,66.2
LAP-000469,KDMP-00079,2026-03,2026-03-04,39.1
LAP-000470,KDMP-00079,2026-04,2026-04-02,35.7
LAP-000471,KDMP-00079,2026-05,2026-05-09,26.2
LAP-000472,KDMP-00079,2026-06,2026-06-01,49.5
LAP-000473,KDMP-00079,2026-07,2026-07-03,51.1
LAP-000474,KDMP-00079,2026-08,2026-08-10,15.7
LAP-000475,KDMP-00080,2026-03,2026-03-07,51.8
LAP-000476,KDMP-00080,2026-04,2026-04-05,60.1
LAP-000477,KDMP-00080,2026-05,2026-05-09,77.9
LAP-000478,KDMP-00080,2026-06,2026-06-08,70.1
LAP-000479,KDMP-00080,2026-07,2026-07-09,51.8
LAP-000480,KDMP-00080,2026-08,2026-08-08,59.0
LAP-000481,KDMP-00081,2026-03,2026-03-10,51.3
LAP-000482,KDMP-00081,2026-04,2026-04-05,20.2
LAP-000483,KDMP-00081,2026-05,2026-05-08,8.3
LAP-000484,KDMP-00081,2026-06,2026-06-06,24.8
LAP-000485,KDMP-00081,2026-07,2026-07-10,19.8
LAP-000486,KDMP-00081,2026-08,2026-08-09,29.7
LAP-000487,KDMP-00082,2026-03,2026-03-01,21.9
LAP-000488,KDMP-00082,2026-04,2026-04-04,36.6
LAP-000489,KDMP-00082,2026-05,2026-05-02,24.6
LAP-000490,KDMP-00082,2026-06,2026-06-02,22.0
LAP-000491,KDMP-00082,2026-07,2026-07-10,22.5
LAP-000492,KDMP-00082,2026-08,2026-08-10,8.9
LAP-000493,KDMP-00083,2026-03,2026-03-09,68.6
LAP-000494,KDMP-00083,2026-04,2026-04-07,87.3
LAP-000495,KDMP-00083,2026-05,2026-05-09,53.2
LAP-000496,KDMP-00083,2026-06,2026-06-05,48.2
LAP-000497,KDMP-00083,2026-07,2026-07-08,50.0
LAP-000498,KDMP-00083,2026-08,2026-08-09,39.8
LAP-000499,KDMP-00084,2026-03,2026-03-03,80.5
LAP-000500,KDMP-00084,2026-04,2026-04-08,99.2
LAP-000501,KDMP-00084,2026-05,2026-05-03,88.0
LAP-000502,KDMP-00084,2026-06,2026-06-07,16.2
LAP-000503,KDMP-00084,2026-07,2026-07-03,37.0
LAP-000504,KDMP-00084,2026-08,2026-08-10,10.4
LAP-000505,KDMP-00085,2026-03,2026-03-06,50.9
LAP-000506,KDMP-00085,2026-04,2026-04-09,73.6
LAP-000507,KDMP-00085,2026-05,2026-05-09,78.1
LAP-000508,KDMP-00085,2026-06,2026-06-10,53.2
LAP-000509,KDMP-00085,2026-07,2026-07-09,70.7
LAP-000510,KDMP-00085,2026-08,2026-08-07,66.7
LAP-000511,KDMP-00086,2026-03,2026-03-02,96.9
LAP-000512,KDMP-00086,2026-04,2026-04-03,90.2
LAP-000513,KDMP-00086,2026-05,2026-05-01,96.3
LAP-000514,KDMP-00086,2026-06,2026-06-08,70.8
LAP-000515,KDMP-00086,2026-07,2026-07-07,50.2
LAP-000516,KDMP-00086,2026-08,2026-08-10,62.4
LAP-000517,KDMP-00087,2026-03,2026-03-02,92.8
LAP-000518,KDMP-00087,2026-04,2026-04-10,86.6
LAP-000519,KDMP-00087,2026-05,2026-05-08,79.3
LAP-000520,KDMP-00087,2026-06,2026-06-10,81.2
LAP-000521,KDMP-00087,2026-07,2026-07-07,67.4
LAP-000522,KDMP-00087,2026-08,2026-08-04,57.4
LAP-000523,KDMP-00088,2026-03,2026-03-09,65.7
LAP-000524,KDMP-00088,2026-04,2026-04-07,76.2
LAP-000525,KDMP-00088,2026-05,2026-05-10,68.3
LAP-000526,KDMP-00088,2026-06,2026-06-01,67.0
LAP-000527,KDMP-00088,2026-07,2026-07-06,42.7
LAP-000528,KDMP-00088,2026-08,2026-08-08,32.4
LAP-000529,KDMP-00089,2026-03,2026-03-09,43.6
LAP-000530,KDMP-00089,2026-04,2026-04-09,57.1
LAP-000531,KDMP-00089,2026-05,2026-05-04,69.0
LAP-000532,KDMP-00089,2026-06,2026-06-04,83.5
LAP-000533,KDMP-00089,2026-07,2026-07-08,68.1
LAP-000534,KDMP-00089,2026-08,2026-08-08,58.0
LAP-000535,KDMP-00090,2026-03,2026-03-02,100
LAP-000536,KDMP-00090,2026-04,2026-04-04,100
LAP-000537,KDMP-00090,2026-05,2026-05-06,78.7
LAP-000538,KDMP-00090,2026-06,2026-06-01,73.8
LAP-000539,KDMP-00090,2026-07,2026-07-06,69.3
LAP-000540,KDMP-00090,2026-08,2026-08-01,55.9
LAP-000541,KDMP-00091,2026-03,2026-03-02,70.7
LAP-000542,KDMP-00091,2026-04,2026-04-10,71.5
LAP-000543,KDMP-00091,2026-05,2026-05-04,66.5
LAP-000544,KDMP-00091,2026-06,2026-06-05,56.6
LAP-000545,KDMP-00091,2026-07,2026-07-05,43.2
LAP-000546,KDMP-00091,2026-08,2026-08-09,38.9
LAP-000547,KDMP-00092,2026-03,2026-03-02,67.2
LAP-000548,KDMP-00092,2026-04,2026-04-05,81.1
LAP-000549,KDMP-00092,2026-05,2026-05-08,52.0
LAP-000550,KDMP-00092,2026-06,2026-06-02,80.4
LAP-000551,KDMP-00092,2026-07,2026-07-04,74.1
LAP-000552,KDMP-00092,2026-08,2026-08-06,81.3
LAP-000553,KDMP-00093,2026-03,2026-03-04,32.4
LAP-000554,KDMP-00093,2026-04,2026-04-08,19.5
LAP-000555,KDMP-00093,2026-05,2026-05-07,9.5
LAP-000556,KDMP-00093,2026-06,2026-06-09,44.4
LAP-000557,KDMP-00093,2026-07,2026-07-01,37.3
LAP-000558,KDMP-00093,2026-08,2026-08-08,37.2
LAP-000559,KDMP-00094,2026-03,2026-03-08,46.3
LAP-000560,KDMP-00094,2026-04,2026-04-09,34.0
LAP-000561,KDMP-00094,2026-05,2026-05-03,7.5
LAP-000562,KDMP-00094,2026-06,2026-06-05,57.4
LAP-000563,KDMP-00094,2026-07,2026-07-05,75.7
LAP-000564,KDMP-00094,2026-08,2026-08-09,61.4
LAP-000565,KDMP-00095,2026-03,2026-03-07,61.8
LAP-000566,KDMP-00095,2026-04,2026-04-10,81.6
LAP-000567,KDMP-00095,2026-05,2026-05-01,88.5
LAP-000568,KDMP-00095,2026-06,2026-06-04,100
LAP-000569,KDMP-00095,2026-07,2026-07-07,100
LAP-000570,KDMP-00095,2026-08,2026-08-07,100
LAP-000571,KDMP-00096,2026-03,2026-03-01,35.9
LAP-000572,KDMP-00096,2026-04,2026-04-04,6.7
LAP-000573,KDMP-00096,2026-05,2026-05-10,45.1
LAP-000574,KDMP-00096,2026-06,2026-06-04,20.4
LAP-000575,KDMP-00096,2026-07,2026-07-09,45.5
LAP-000576,KDMP-00096,2026-08,2026-08-02,41.5
LAP-000577,KDMP-00097,2026-03,2026-03-08,61.4
LAP-000578,KDMP-00097,2026-04,2026-04-03,61.7
LAP-000579,KDMP-00097,2026-05,2026-05-03,69.2
LAP-000580,KDMP-00097,2026-06,2026-06-04,71.2
LAP-000581,KDMP-00097,2026-07,2026-07-07,53.3
LAP-000582,KDMP-00097,2026-08,2026-08-04,80.8
LAP-000583,KDMP-00098,2026-03,2026-03-03,100
LAP-000584,KDMP-00098,2026-04,2026-04-02,97.7
LAP-000585,KDMP-00098,2026-05,2026-05-06,83.2
LAP-000586,KDMP-00098,2026-06,2026-06-05,83.7
LAP-000587,KDMP-00098,2026-07,2026-07-04,68.7
LAP-000588,KDMP-00098,2026-08,2026-08-05,53.3
LAP-000589,KDMP-00099,2026-03,2026-03-06,52.9
LAP-000590,KDMP-00099,2026-04,2026-04-06,52.2
LAP-000591,KDMP-00099,2026-05,2026-05-05,70.1
LAP-000592,KDMP-00099,2026-06,2026-06-10,67.2
LAP-000593,KDMP-00099,2026-07,2026-07-07,63.9
LAP-000594,KDMP-00099,2026-08,2026-08-08,50.8
LAP-000595,KDMP-00100,2026-03,2026-03-05,34.4
LAP-000596,KDMP-00100,2026-04,2026-04-07,15.3
LAP-000597,KDMP-00100,2026-05,2026-05-05,41.2
LAP-000598,KDMP-00100,2026-06,2026-06-02,23.7
LAP-000599,KDMP-00100,2026-07,2026-07-10,23.8
LAP-000600,KDMP-00100,2026-08,2026-08-05,25.0
LAP-000601,KDMP-00101,2026-03,2026-03-08,40.9
LAP-000602,KDMP-00101,2026-04,2026-04-10,18.8
LAP-000603,KDMP-00101,2026-05,2026-05-02,10.0
LAP-000604,KDMP-00101,2026-06,2026-06-06,75.5
LAP-000605,KDMP-00101,2026-07,2026-07-03,59.4
LAP-000606,KDMP-00101,2026-08,2026-08-02,61.7
LAP-000607,KDMP-00102,2026-03,2026-03-02,47.8
LAP-000608,KDMP-00102,2026-04,2026-04-09,51.6
LAP-000609,KDMP-00102,2026-05,2026-05-05,48.1
LAP-000610,KDMP-00102,2026-06,2026-06-02,80.1
LAP-000611,KDMP-00102,2026-07,2026-07-05,64.2
LAP-000612,KDMP-00102,2026-08,2026-08-08,88.3
LAP-000613,KDMP-00103,2026-03,2026-03-01,87.7
LAP-000614,KDMP-00103,2026-04,2026-04-05,94.1
LAP-000615,KDMP-00103,2026-05,2026-05-04,96.3
LAP-000616,KDMP-00103,2026-06,2026-06-08,93.9
LAP-000617,KDMP-00103,2026-07,2026-07-03,85.8
LAP-000618,KDMP-00103,2026-08,2026-08-03,91.8
LAP-000619,KDMP-00104,2026-03,2026-03-05,21.7
LAP-000620,KDMP-00104,2026-04,2026-04-04,29.7
LAP-000621,KDMP-00104,2026-05,2026-05-01,46.6
LAP-000622,KDMP-00104,2026-06,2026-06-07,44.0
LAP-000623,KDMP-00104,2026-07,2026-07-06,56.2
LAP-000624,KDMP-00104,2026-08,2026-08-01,58.1
LAP-000625,KDMP-00105,2026-03,2026-03-10,78.7
LAP-000626,KDMP-00105,2026-04,2026-04-03,66.7
LAP-000627,KDMP-00105,2026-05,2026-05-04,51.6
LAP-000628,KDMP-00105,2026-06,2026-06-08,53.8
LAP-000629,KDMP-00105,2026-07,2026-07-10,47.9
LAP-000630,KDMP-00105,2026-08,2026-08-07,46.5
LAP-000631,KDMP-00106,2026-03,2026-03-02,88.3
LAP-000632,KDMP-00106,2026-04,2026-04-06,80.0
LAP-000633,KDMP-00106,2026-05,2026-05-04,94.9
LAP-000634,KDMP-00106,2026-06,2026-06-01,85.6
LAP-000635,KDMP-00106,2026-07,2026-07-03,82.7
LAP-000636,KDMP-00106,2026-08,2026-08-04,82.7
LAP-000637,KDMP-00107,2026-03,2026-03-10,61.5
LAP-000638,KDMP-00107,2026-04,2026-04-02,74.5
LAP-000639,KDMP-00107,2026-05,2026-05-04,90.2
LAP-000640,KDMP-00107,2026-06,2026-06-07,96.4
LAP-000641,KDMP-00107,2026-07,2026-07-07,100
LAP-000642,KDMP-00107,2026-08,2026-08-10,100
LAP-000643,KDMP-00108,2026-03,2026-03-02,94.8
LAP-000644,KDMP-00108,2026-04,2026-04-08,89.5
LAP-000645,KDMP-00108,2026-05,2026-05-06,92.3
LAP-000646,KDMP-00108,2026-06,2026-06-05,83.0
LAP-000647,KDMP-00108,2026-07,2026-07-07,85.5
LAP-000648,KDMP-00108,2026-08,2026-08-05,82.4
LAP-000649,KDMP-00109,2026-03,2026-03-03,7.2
LAP-000650,KDMP-00109,2026-04,2026-04-06,16.0
LAP-000651,KDMP-00109,2026-05,2026-05-05,7.6
LAP-000652,KDMP-00109,2026-06,2026-06-06,38.3
LAP-000653,KDMP-00109,2026-07,2026-07-05,18.8
LAP-000654,KDMP-00109,2026-08,2026-08-07,7.3
LAP-000655,KDMP-00110,2026-03,2026-03-02,31.1
LAP-000656,KDMP-00110,2026-04,2026-04-04,25.3
LAP-000657,KDMP-00110,2026-05,2026-05-03,25.8
LAP-000658,KDMP-00110,2026-06,2026-06-02,23.3
LAP-000659,KDMP-00110,2026-07,2026-07-06,35.5
LAP-000660,KDMP-00110,2026-08,2026-08-07,45.5
LAP-000661,KDMP-00111,2026-03,2026-03-06,56.6
LAP-000662,KDMP-00111,2026-04,2026-04-03,50.3
LAP-000663,KDMP-00111,2026-05,2026-05-08,64.8
LAP-000664,KDMP-00111,2026-06,2026-06-07,38.0
LAP-000665,KDMP-00111,2026-07,2026-07-05,50.4
LAP-000666,KDMP-00111,2026-08,2026-08-05,49.6
LAP-000667,KDMP-00112,2026-03,2026-03-01,79.9
LAP-000668,KDMP-00112,2026-04,2026-04-09,60.9
LAP-000669,KDMP-00112,2026-05,2026-05-03,57.9
LAP-000670,KDMP-00112,2026-06,2026-06-06,62.7
LAP-000671,KDMP-00112,2026-07,2026-07-04,64.3
LAP-000672,KDMP-00112,2026-08,2026-08-05,60.9
LAP-000673,KDMP-00113,2026-03,2026-03-05,41.6
LAP-000674,KDMP-00113,2026-04,2026-04-07,46.1
LAP-000675,KDMP-00113,2026-05,2026-05-03,27.6
LAP-000676,KDMP-00113,2026-06,2026-06-09,30.1
LAP-000677,KDMP-00113,2026-07,2026-07-01,15.7
LAP-000678,KDMP-00113,2026-08,2026-08-04,19.1
LAP-000679,KDMP-00114,2026-03,2026-03-02,100
LAP-000680,KDMP-00114,2026-04,2026-04-06,91.0
LAP-000681,KDMP-00114,2026-05,2026-05-02,82.1
LAP-000682,KDMP-00114,2026-06,2026-06-08,52.7
LAP-000683,KDMP-00114,2026-07,2026-07-04,43.9
LAP-000684,KDMP-00114,2026-08,2026-08-02,34.5
LAP-000685,KDMP-00115,2026-03,2026-03-10,59.2
LAP-000686,KDMP-00115,2026-04,2026-04-09,73.1
LAP-000687,KDMP-00115,2026-05,2026-05-06,82.2
LAP-000688,KDMP-00115,2026-06,2026-06-03,58.0
LAP-000689,KDMP-00115,2026-07,2026-07-01,87.4
LAP-000690,KDMP-00115,2026-08,2026-08-10,68.2
LAP-000691,KDMP-00116,2026-03,2026-03-04,86.4
LAP-000692,KDMP-00116,2026-04,2026-04-07,88.8
LAP-000693,KDMP-00116,2026-05,2026-05-09,88.5
LAP-000694,KDMP-00116,2026-06,2026-06-09,83.9
LAP-000695,KDMP-00116,2026-07,2026-07-09,96.1
LAP-000696,KDMP-00116,2026-08,2026-08-02,81.0
LAP-000697,KDMP-00117,2026-03,2026-03-09,39.0
LAP-000698,KDMP-00117,2026-04,2026-04-04,27.6
LAP-000699,KDMP-00117,2026-05,2026-05-04,9.0
LAP-000700,KDMP-00117,2026-06,2026-06-06,32.4
LAP-000701,KDMP-00117,2026-07,2026-07-02,9.3
LAP-000702,KDMP-00117,2026-08,2026-08-07,16.8
LAP-000703,KDMP-00118,2026-03,2026-03-07,100
LAP-000704,KDMP-00118,2026-04,2026-04-02,89.3
LAP-000705,KDMP-00118,2026-05,2026-05-01,94.9
LAP-000706,KDMP-00118,2026-06,2026-06-09,76.3
LAP-000707,KDMP-00118,2026-07,2026-07-08,60.3
LAP-000708,KDMP-00118,2026-08,2026-08-10,51.6
LAP-000709,KDMP-00119,2026-03,2026-03-09,67.3
LAP-000710,KDMP-00119,2026-04,2026-04-05,70.8
LAP-000711,KDMP-00119,2026-05,2026-05-08,76.0
LAP-000712,KDMP-00119,2026-06,2026-06-07,98.7
LAP-000713,KDMP-00119,2026-07,2026-07-01,79.0
LAP-000714,KDMP-00119,2026-08,2026-08-07,62.8
LAP-000715,KDMP-00120,2026-03,2026-03-04,31.4
LAP-000716,KDMP-00120,2026-04,2026-04-02,13.5
LAP-000717,KDMP-00120,2026-05,2026-05-05,20.7
LAP-000718,KDMP-00120,2026-06,2026-06-04,13.7
LAP-000719,KDMP-00120,2026-07,2026-07-01,6.2
LAP-000720,KDMP-00120,2026-08,2026-08-04,8.6
LAP-000721,KDMP-00121,2026-03,2026-03-09,81.1
LAP-000722,KDMP-00121,2026-04,2026-04-06,88.6
LAP-000723,KDMP-00121,2026-05,2026-05-06,99.5
LAP-000724,KDMP-00121,2026-06,2026-06-01,98.2
LAP-000725,KDMP-00121,2026-07,2026-07-03,93.5
LAP-000726,KDMP-00121,2026-08,2026-08-02,83.4
LAP-000727,KDMP-00122,2026-03,2026-03-03,61.0
LAP-000728,KDMP-00122,2026-04,2026-04-07,54.4
LAP-000729,KDMP-00122,2026-05,2026-05-02,62.8
LAP-000730,KDMP-00122,2026-06,2026-06-05,73.4
LAP-000731,KDMP-00122,2026-07,2026-07-10,63.9
LAP-000732,KDMP-00122,2026-08,2026-08-01,57.5
LAP-000733,KDMP-00123,2026-03,2026-03-07,61.0
LAP-000734,KDMP-00123,2026-04,2026-04-04,68.0
LAP-000735,KDMP-00123,2026-05,2026-05-09,54.3
LAP-000736,KDMP-00123,2026-06,2026-06-03,46.3
LAP-000737,KDMP-00123,2026-07,2026-07-05,57.2
LAP-000738,KDMP-00123,2026-08,2026-08-06,32.3
LAP-000739,KDMP-00124,2026-03,2026-03-10,66.0
LAP-000740,KDMP-00124,2026-04,2026-04-03,58.0
LAP-000741,KDMP-00124,2026-05,2026-05-07,49.4
LAP-000742,KDMP-00124,2026-06,2026-06-01,46.3
LAP-000743,KDMP-00124,2026-07,2026-07-10,39.3
LAP-000744,KDMP-00124,2026-08,2026-08-02,46.8
LAP-000745,KDMP-00125,2026-03,2026-03-04,82.3
LAP-000746,KDMP-00125,2026-04,2026-04-05,85.1
LAP-000747,KDMP-00125,2026-05,2026-05-10,84.2
LAP-000748,KDMP-00125,2026-06,2026-06-04,82.0
LAP-000749,KDMP-00125,2026-07,2026-07-06,35.2
LAP-000750,KDMP-00125,2026-08,2026-08-07,13.5
LAP-000751,KDMP-00126,2026-03,2026-03-02,58.0
LAP-000752,KDMP-00126,2026-04,2026-04-03,61.9
LAP-000753,KDMP-00126,2026-05,2026-05-10,53.2
LAP-000754,KDMP-00126,2026-06,2026-06-07,59.3
LAP-000755,KDMP-00126,2026-07,2026-07-06,80.3
LAP-000756,KDMP-00126,2026-08,2026-08-05,62.1
LAP-000757,KDMP-00127,2026-03,2026-03-07,9.9
LAP-000758,KDMP-00127,2026-04,2026-04-05,15.6
LAP-000759,KDMP-00127,2026-05,2026-05-07,31.0
LAP-000760,KDMP-00127,2026-06,2026-06-03,43.1
LAP-000761,KDMP-00127,2026-07,2026-07-09,19.5
LAP-000762,KDMP-00127,2026-08,2026-08-04,29.0
LAP-000763,KDMP-00128,2026-03,2026-03-01,67.3
LAP-000764,KDMP-00128,2026-04,2026-04-10,78.5
LAP-000765,KDMP-00128,2026-05,2026-05-04,77.2
LAP-000766,KDMP-00128,2026-06,2026-06-08,54.4
LAP-000767,KDMP-00128,2026-07,2026-07-08,52.1
LAP-000768,KDMP-00128,2026-08,2026-08-04,44.1
LAP-000769,KDMP-00129,2026-03,2026-03-10,61.6
LAP-000770,KDMP-00129,2026-04,2026-04-06,74.6
LAP-000771,KDMP-00129,2026-05,2026-05-08,76.9
LAP-000772,KDMP-00129,2026-06,2026-06-06,98.5
LAP-000773,KDMP-00129,2026-07,2026-07-02,98.7
LAP-000774,KDMP-00129,2026-08,2026-08-03,99.7
LAP-000775,KDMP-00130,2026-03,2026-03-07,59.0
LAP-000776,KDMP-00130,2026-04,2026-04-06,50.7
LAP-000777,KDMP-00130,2026-05,2026-05-02,62.6
LAP-000778,KDMP-00130,2026-06,2026-06-07,59.7
LAP-000779,KDMP-00130,2026-07,2026-07-06,90.4
LAP-000780,KDMP-00130,2026-08,2026-08-09,86.5
LAP-000781,KDMP-00131,2026-03,2026-03-07,51.9
LAP-000782,KDMP-00131,2026-04,2026-04-02,63.3
LAP-000783,KDMP-00131,2026-05,2026-05-06,58.5
LAP-000784,KDMP-00131,2026-06,2026-06-07,57.0
LAP-000785,KDMP-00131,2026-07,2026-07-06,77.2
LAP-000786,KDMP-00131,2026-08,2026-08-08,55.1
LAP-000787,KDMP-00132,2026-03,2026-03-05,74.9
LAP-000788,KDMP-00132,2026-04,2026-04-07,79.6
LAP-000789,KDMP-00132,2026-05,2026-05-06,63.9
LAP-000790,KDMP-00132,2026-06,2026-06-06,71.3
LAP-000791,KDMP-00132,2026-07,2026-07-10,56.7
LAP-000792,KDMP-00132,2026-08,2026-08-07,72.4
LAP-000793,KDMP-00133,2026-03,2026-03-10,59.4
LAP-000794,KDMP-00133,2026-04,2026-04-06,74.6
LAP-000795,KDMP-00133,2026-05,2026-05-03,87.4
LAP-000796,KDMP-00133,2026-06,2026-06-07,87.5
LAP-000797,KDMP-00133,2026-07,2026-07-10,100
LAP-000798,KDMP-00133,2026-08,2026-08-02,95.5
LAP-000799,KDMP-00134,2026-03,2026-03-02,86.8
LAP-000800,KDMP-00134,2026-04,2026-04-08,83.1
LAP-000801,KDMP-00134,2026-05,2026-05-07,97.3
LAP-000802,KDMP-00134,2026-06,2026-06-09,99.0
LAP-000803,KDMP-00134,2026-07,2026-07-06,98.6
LAP-000804,KDMP-00134,2026-08,2026-08-05,85.4
LAP-000805,KDMP-00135,2026-03,2026-03-06,88.2
LAP-000806,KDMP-00135,2026-04,2026-04-07,90.0
LAP-000807,KDMP-00135,2026-05,2026-05-10,84.9
LAP-000808,KDMP-00135,2026-06,2026-06-02,80.5
LAP-000809,KDMP-00135,2026-07,2026-07-09,23.5
LAP-000810,KDMP-00135,2026-08,2026-08-10,11.9
LAP-000811,KDMP-00136,2026-03,2026-03-04,19.5
LAP-000812,KDMP-00136,2026-04,2026-04-09,27.8
LAP-000813,KDMP-00136,2026-05,2026-05-02,38.6
LAP-000814,KDMP-00136,2026-06,2026-06-06,25.0
LAP-000815,KDMP-00136,2026-07,2026-07-09,50.9
LAP-000816,KDMP-00136,2026-08,2026-08-07,10.3
LAP-000817,KDMP-00137,2026-03,2026-03-09,90.5
LAP-000818,KDMP-00137,2026-04,2026-04-08,76.0
LAP-000819,KDMP-00137,2026-05,2026-05-04,78.5
LAP-000820,KDMP-00137,2026-06,2026-06-04,68.4
LAP-000821,KDMP-00137,2026-07,2026-07-07,66.2
LAP-000822,KDMP-00137,2026-08,2026-08-03,51.1
LAP-000823,KDMP-00138,2026-03,2026-03-01,95.5
LAP-000824,KDMP-00138,2026-04,2026-04-05,98.9
LAP-000825,KDMP-00138,2026-05,2026-05-07,90.7
LAP-000826,KDMP-00138,2026-06,2026-06-09,96.3
LAP-000827,KDMP-00138,2026-07,2026-07-01,98.1
LAP-000828,KDMP-00138,2026-08,2026-08-03,91.1
LAP-000829,KDMP-00139,2026-03,2026-03-05,87.7
LAP-000830,KDMP-00139,2026-04,2026-04-02,91.5
LAP-000831,KDMP-00139,2026-05,2026-05-02,82.6
LAP-000832,KDMP-00139,2026-06,2026-06-07,99.6
LAP-000833,KDMP-00139,2026-07,2026-07-10,95.7
LAP-000834,KDMP-00139,2026-08,2026-08-08,95.4
LAP-000835,KDMP-00140,2026-03,2026-03-06,45.1
LAP-000836,KDMP-00140,2026-04,2026-04-03,57.9
LAP-000837,KDMP-00140,2026-05,2026-05-03,68.0
LAP-000838,KDMP-00140,2026-06,2026-06-05,89.5
LAP-000839,KDMP-00140,2026-07,2026-07-07,97.3
LAP-000840,KDMP-00140,2026-08,2026-08-04,96.7
LAP-000841,KDMP-00141,2026-03,2026-03-08,23.8
LAP-000842,KDMP-00141,2026-04,2026-04-10,9.4
LAP-000843,KDMP-00141,2026-05,2026-05-10,89.4
LAP-000844,KDMP-00141,2026-06,2026-06-05,94.5
LAP-000845,KDMP-00141,2026-07,2026-07-07,89.9
LAP-000846,KDMP-00141,2026-08,2026-08-05,100
LAP-000847,KDMP-00142,2026-03,2026-03-02,20.7
LAP-000848,KDMP-00142,2026-04,2026-04-02,42.4
LAP-000849,KDMP-00142,2026-05,2026-05-07,12.4
LAP-000850,KDMP-00142,2026-06,2026-06-07,95.9
LAP-000851,KDMP-00142,2026-07,2026-07-10,100
LAP-000852,KDMP-00142,2026-08,2026-08-10,100
LAP-000853,KDMP-00143,2026-03,2026-03-01,63.1
LAP-000854,KDMP-00143,2026-04,2026-04-09,63.2
LAP-000855,KDMP-00143,2026-05,2026-05-06,57.2
LAP-000856,KDMP-00143,2026-06,2026-06-02,57.1
LAP-000857,KDMP-00143,2026-07,2026-07-07,51.1
LAP-000858,KDMP-00143,2026-08,2026-08-06,53.4
LAP-000859,KDMP-00144,2026-03,2026-03-10,75.1
LAP-000860,KDMP-00144,2026-04,2026-04-07,50.9
LAP-000861,KDMP-00144,2026-05,2026-05-04,74.8
LAP-000862,KDMP-00144,2026-06,2026-06-05,68.2
LAP-000863,KDMP-00144,2026-07,2026-07-01,73.4
LAP-000864,KDMP-00144,2026-08,2026-08-02,74.4
LAP-000865,KDMP-00145,2026-03,2026-03-04,40.5
LAP-000866,KDMP-00145,2026-04,2026-04-05,48.1
LAP-000867,KDMP-00145,2026-05,2026-05-07,52.3
LAP-000868,KDMP-00145,2026-06,2026-06-04,78.2
LAP-000869,KDMP-00145,2026-07,2026-07-05,90.3
LAP-000870,KDMP-00145,2026-08,2026-08-02,77.1
LAP-000871,KDMP-00146,2026-03,2026-03-10,85.6
LAP-000872,KDMP-00146,2026-04,2026-04-05,90.9
LAP-000873,KDMP-00146,2026-05,2026-05-01,81.8
LAP-000874,KDMP-00146,2026-06,2026-06-07,99.1
LAP-000875,KDMP-00146,2026-07,2026-07-04,89.9
LAP-000876,KDMP-00146,2026-08,2026-08-05,80.8
LAP-000877,KDMP-00147,2026-03,2026-03-02,54.9
LAP-000878,KDMP-00147,2026-04,2026-04-01,10.6
LAP-000879,KDMP-00147,2026-05,2026-05-10,48.8
LAP-000880,KDMP-00147,2026-06,2026-06-10,60.3
LAP-000881,KDMP-00147,2026-07,2026-07-02,52.7
LAP-000882,KDMP-00147,2026-08,2026-08-01,47.1
LAP-000883,KDMP-00148,2026-03,2026-03-03,100
LAP-000884,KDMP-00148,2026-04,2026-04-01,100
LAP-000885,KDMP-00148,2026-05,2026-05-09,79.7
LAP-000886,KDMP-00148,2026-06,2026-06-07,82.1
LAP-000887,KDMP-00148,2026-07,2026-07-02,71.8
LAP-000888,KDMP-00148,2026-08,2026-08-09,55.5
LAP-000889,KDMP-00149,2026-03,2026-03-02,100
LAP-000890,KDMP-00149,2026-04,2026-04-10,100
LAP-000891,KDMP-00149,2026-05,2026-05-05,77.6
LAP-000892,KDMP-00149,2026-06,2026-06-04,70.5
LAP-000893,KDMP-00149,2026-07,2026-07-06,63.0
LAP-000894,KDMP-00149,2026-08,2026-08-05,54.2
LAP-000895,KDMP-00150,2026-03,2026-03-01,56.5
LAP-000896,KDMP-00150,2026-04,2026-04-04,46.5
LAP-000897,KDMP-00150,2026-05,2026-05-01,48.2
LAP-000898,KDMP-00150,2026-06,2026-06-10,73.7
LAP-000899,KDMP-00150,2026-07,2026-07-02,91.3
LAP-000900,KDMP-00150,2026-08,2026-08-10,75.4
LAP-000901,KDMP-00151,2026-03,2026-03-09,82.0
LAP-000902,KDMP-00151,2026-04,2026-04-02,87.6
LAP-000903,KDMP-00151,2026-05,2026-05-08,86.5
LAP-000904,KDMP-00151,2026-06,2026-06-02,82.0
LAP-000905,KDMP-00151,2026-07,2026-07-02,95.8
LAP-000906,KDMP-00151,2026-08,2026-08-03,84.1
LAP-000907,KDMP-00152,2026-03,2026-03-02,48.1
LAP-000908,KDMP-00152,2026-04,2026-04-05,34.7
LAP-000909,KDMP-00152,2026-05,2026-05-01,46.6
LAP-000910,KDMP-00152,2026-06,2026-06-05,44.1
LAP-000911,KDMP-00152,2026-07,2026-07-01,35.2
LAP-000912,KDMP-00152,2026-08,2026-08-09,7.9
LAP-000913,KDMP-00153,2026-03,2026-03-02,35.8
LAP-000914,KDMP-00153,2026-04,2026-04-02,19.9
LAP-000915,KDMP-00153,2026-05,2026-05-09,10.8
LAP-000916,KDMP-00153,2026-06,2026-06-05,22.6
LAP-000917,KDMP-00153,2026-07,2026-07-08,14.7
LAP-000918,KDMP-00153,2026-08,2026-08-02,30.8
LAP-000919,KDMP-00154,2026-03,2026-03-10,53.8
LAP-000920,KDMP-00154,2026-04,2026-04-07,46.6
LAP-000921,KDMP-00154,2026-05,2026-05-09,60.0
LAP-000922,KDMP-00154,2026-06,2026-06-07,63.0
LAP-000923,KDMP-00154,2026-07,2026-07-07,66.6
LAP-000924,KDMP-00154,2026-08,2026-08-02,64.4
LAP-000925,KDMP-00155,2026-03,2026-03-02,57.6
LAP-000926,KDMP-00155,2026-04,2026-04-08,51.2
LAP-000927,KDMP-00155,2026-05,2026-05-02,19.2
LAP-000928,KDMP-00155,2026-06,2026-06-07,35.9
LAP-000929,KDMP-00155,2026-07,2026-07-10,10.7
LAP-000930,KDMP-00155,2026-08,2026-08-03,51.9
LAP-000931,KDMP-00156,2026-03,2026-03-03,97.7
LAP-000932,KDMP-00156,2026-04,2026-04-05,88.1
LAP-000933,KDMP-00156,2026-05,2026-05-02,93.6
LAP-000934,KDMP-00156,2026-06,2026-06-02,80.1
LAP-000935,KDMP-00156,2026-07,2026-07-04,72.8
LAP-000936,KDMP-00156,2026-08,2026-08-07,54.6
LAP-000937,KDMP-00157,2026-03,2026-03-07,49.8
LAP-000938,KDMP-00157,2026-04,2026-04-03,66.3
LAP-000939,KDMP-00157,2026-05,2026-05-07,57.4
LAP-000940,KDMP-00157,2026-06,2026-06-06,68.9
LAP-000941,KDMP-00157,2026-07,2026-07-06,68.1
LAP-000942,KDMP-00157,2026-08,2026-08-08,64.0
LAP-000943,KDMP-00158,2026-03,2026-03-02,28.6
LAP-000944,KDMP-00158,2026-04,2026-04-06,4.2
LAP-000945,KDMP-00158,2026-05,2026-05-02,16.8
LAP-000946,KDMP-00158,2026-06,2026-06-08,49.9
LAP-000947,KDMP-00158,2026-07,2026-07-10,36.3
LAP-000948,KDMP-00158,2026-08,2026-08-05,43.8
LAP-000949,KDMP-00159,2026-03,2026-03-06,65.1
LAP-000950,KDMP-00159,2026-04,2026-04-10,72.6
LAP-000951,KDMP-00159,2026-05,2026-05-10,78.8
LAP-000952,KDMP-00159,2026-06,2026-06-10,100
LAP-000953,KDMP-00159,2026-07,2026-07-01,94.5
LAP-000954,KDMP-00159,2026-08,2026-08-02,92.7
LAP-000955,KDMP-00160,2026-03,2026-03-06,49.6
LAP-000956,KDMP-00160,2026-04,2026-04-06,52.4
LAP-000957,KDMP-00160,2026-05,2026-05-07,73.6
LAP-000958,KDMP-00160,2026-06,2026-06-06,57.8
LAP-000959,KDMP-00160,2026-07,2026-07-05,83.9
LAP-000960,KDMP-00160,2026-08,2026-08-03,90.1
LAP-000961,KDMP-00161,2026-03,2026-03-02,64.3
LAP-000962,KDMP-00161,2026-04,2026-04-07,64.6
LAP-000963,KDMP-00161,2026-05,2026-05-06,62.9
LAP-000964,KDMP-00161,2026-06,2026-06-01,63.0
LAP-000965,KDMP-00161,2026-07,2026-07-01,58.3
LAP-000966,KDMP-00161,2026-08,2026-08-01,65.2
LAP-000967,KDMP-00162,2026-03,2026-03-05,52.7
LAP-000968,KDMP-00162,2026-04,2026-04-04,53.6
LAP-000969,KDMP-00162,2026-05,2026-05-07,50.2
LAP-000970,KDMP-00162,2026-06,2026-06-07,90.2
LAP-000971,KDMP-00162,2026-07,2026-07-05,97.2
LAP-000972,KDMP-00162,2026-08,2026-08-09,80.8
LAP-000973,KDMP-00163,2026-03,2026-03-02,100
LAP-000974,KDMP-00163,2026-04,2026-04-01,100
LAP-000975,KDMP-00163,2026-05,2026-05-07,95.4
LAP-000976,KDMP-00163,2026-06,2026-06-10,53.6
LAP-000977,KDMP-00163,2026-07,2026-07-05,38.4
LAP-000978,KDMP-00163,2026-08,2026-08-02,51.4
LAP-000979,KDMP-00164,2026-03,2026-03-09,75.4
LAP-000980,KDMP-00164,2026-04,2026-04-08,58.3
LAP-000981,KDMP-00164,2026-05,2026-05-04,60.5
LAP-000982,KDMP-00164,2026-06,2026-06-02,56.1
LAP-000983,KDMP-00164,2026-07,2026-07-03,39.9
LAP-000984,KDMP-00164,2026-08,2026-08-03,34.3
LAP-000985,KDMP-00165,2026-03,2026-03-03,77.8
LAP-000986,KDMP-00165,2026-04,2026-04-03,59.5
LAP-000987,KDMP-00165,2026-05,2026-05-09,56.7
LAP-000988,KDMP-00165,2026-06,2026-06-06,50.1
LAP-000989,KDMP-00165,2026-07,2026-07-09,57.5
LAP-000990,KDMP-00165,2026-08,2026-08-10,35.4
LAP-000991,KDMP-00166,2026-03,2026-03-05,100
LAP-000992,KDMP-00166,2026-04,2026-04-05,86.3
LAP-000993,KDMP-00166,2026-05,2026-05-09,78.6
LAP-000994,KDMP-00166,2026-06,2026-06-10,72.6
LAP-000995,KDMP-00166,2026-07,2026-07-04,31.6
LAP-000996,KDMP-00166,2026-08,2026-08-02,14.2
LAP-000997,KDMP-00167,2026-03,2026-03-04,94.1
LAP-000998,KDMP-00167,2026-04,2026-04-01,86.9
LAP-000999,KDMP-00167,2026-05,2026-05-06,96.5
LAP-001000,KDMP-00167,2026-06,2026-06-08,83.9
LAP-001001,KDMP-00167,2026-07,2026-07-03,98.6
LAP-001002,KDMP-00167,2026-08,2026-08-09,95.3
LAP-001003,KDMP-00168,2026-03,2026-03-01,91.8
LAP-001004,KDMP-00168,2026-04,2026-04-07,95.8
LAP-001005,KDMP-00168,2026-05,2026-05-06,85.8
LAP-001006,KDMP-00168,2026-06,2026-06-09,99.1
LAP-001007,KDMP-00168,2026-07,2026-07-10,81.4
LAP-001008,KDMP-00168,2026-08,2026-08-09,74.3
LAP-001009,KDMP-00169,2026-03,2026-03-03,84.8
LAP-001010,KDMP-00169,2026-04,2026-04-01,98.5
LAP-001011,KDMP-00169,2026-05,2026-05-01,97.0
LAP-001012,KDMP-00169,2026-06,2026-06-02,97.9
LAP-001013,KDMP-00169,2026-07,2026-07-06,92.4
LAP-001014,KDMP-00169,2026-08,2026-08-02,84.9
LAP-001015,KDMP-00170,2026-03,2026-03-03,92.3
LAP-001016,KDMP-00170,2026-04,2026-04-09,95.7
LAP-001017,KDMP-00170,2026-05,2026-05-02,95.2
LAP-001018,KDMP-00170,2026-06,2026-06-05,98.6
LAP-001019,KDMP-00170,2026-07,2026-07-09,85.8
LAP-001020,KDMP-00170,2026-08,2026-08-08,88.2
LAP-001021,KDMP-00171,2026-03,2026-03-03,42.6
LAP-001022,KDMP-00171,2026-04,2026-04-03,55.4
LAP-001023,KDMP-00171,2026-05,2026-05-09,48.5
LAP-001024,KDMP-00171,2026-06,2026-06-10,73.0
LAP-001025,KDMP-00171,2026-07,2026-07-07,64.0
LAP-001026,KDMP-00171,2026-08,2026-08-06,65.7
LAP-001027,KDMP-00172,2026-03,2026-03-09,90.0
LAP-001028,KDMP-00172,2026-04,2026-04-01,92.8
LAP-001029,KDMP-00172,2026-05,2026-05-04,93.5
LAP-001030,KDMP-00172,2026-06,2026-06-10,89.3
LAP-001031,KDMP-00172,2026-07,2026-07-03,95.5
LAP-001032,KDMP-00172,2026-08,2026-08-10,81.9
LAP-001033,KDMP-00173,2026-03,2026-03-08,94.5
LAP-001034,KDMP-00173,2026-04,2026-04-04,85.0
LAP-001035,KDMP-00173,2026-05,2026-05-07,96.4
LAP-001036,KDMP-00173,2026-06,2026-06-01,91.9
LAP-001037,KDMP-00173,2026-07,2026-07-06,86.4
LAP-001038,KDMP-00173,2026-08,2026-08-06,91.1
LAP-001039,KDMP-00174,2026-03,2026-03-06,91.2
LAP-001040,KDMP-00174,2026-04,2026-04-05,73.8
LAP-001041,KDMP-00174,2026-05,2026-05-01,69.4
LAP-001042,KDMP-00174,2026-06,2026-06-05,57.3
LAP-001043,KDMP-00174,2026-07,2026-07-01,41.4
LAP-001044,KDMP-00174,2026-08,2026-08-10,48.3
LAP-001045,KDMP-00175,2026-03,2026-03-10,80.9
LAP-001046,KDMP-00175,2026-04,2026-04-05,70.4
LAP-001047,KDMP-00175,2026-05,2026-05-03,61.5
LAP-001048,KDMP-00175,2026-06,2026-06-09,66.6
LAP-001049,KDMP-00175,2026-07,2026-07-07,63.7
LAP-001050,KDMP-00175,2026-08,2026-08-01,52.1
LAP-001051,KDMP-00176,2026-03,2026-03-07,87.8
LAP-001052,KDMP-00176,2026-04,2026-04-04,89.2
LAP-001053,KDMP-00176,2026-05,2026-05-05,89.0
LAP-001054,KDMP-00176,2026-06,2026-06-01,87.4
LAP-001055,KDMP-00176,2026-07,2026-07-06,81.7
LAP-001056,KDMP-00176,2026-08,2026-08-07,82.9
LAP-001057,KDMP-00177,2026-03,2026-03-04,94.1
LAP-001058,KDMP-00177,2026-04,2026-04-09,94.6
LAP-001059,KDMP-00177,2026-05,2026-05-10,78.1
LAP-001060,KDMP-00177,2026-06,2026-06-01,40.2
LAP-001061,KDMP-00177,2026-07,2026-07-04,8.6
LAP-001062,KDMP-00177,2026-08,2026-08-09,22.0
LAP-001063,KDMP-00178,2026-03,2026-03-08,20.9
LAP-001064,KDMP-00178,2026-04,2026-04-10,41.7
LAP-001065,KDMP-00178,2026-05,2026-05-10,32.5
LAP-001066,KDMP-00178,2026-06,2026-06-05,38.2
LAP-001067,KDMP-00178,2026-07,2026-07-08,13.1
LAP-001068,KDMP-00178,2026-08,2026-08-08,26.1
LAP-001069,KDMP-00179,2026-03,2026-03-03,89.1
LAP-001070,KDMP-00179,2026-04,2026-04-01,64.6
LAP-001071,KDMP-00179,2026-05,2026-05-03,64.3
LAP-001072,KDMP-00179,2026-06,2026-06-03,49.0
LAP-001073,KDMP-00179,2026-07,2026-07-03,58.3
LAP-001074,KDMP-00179,2026-08,2026-08-09,35.8
LAP-001075,KDMP-00180,2026-03,2026-03-01,57.7
LAP-001076,KDMP-00180,2026-04,2026-04-08,62.9
LAP-001077,KDMP-00180,2026-05,2026-05-05,69.8
LAP-001078,KDMP-00180,2026-06,2026-06-06,45.5
LAP-001079,KDMP-00180,2026-07,2026-07-07,45.1
LAP-001080,KDMP-00180,2026-08,2026-08-06,43.6
LAP-001081,KDMP-00181,2026-03,2026-03-06,30.1
LAP-001082,KDMP-00181,2026-04,2026-04-10,26.6
LAP-001083,KDMP-00181,2026-05,2026-05-07,48.6
LAP-001084,KDMP-00181,2026-06,2026-06-08,13.2
LAP-001085,KDMP-00181,2026-07,2026-07-07,31.5
LAP-001086,KDMP-00181,2026-08,2026-08-05,5.7
LAP-001087,KDMP-00182,2026-03,2026-03-08,83.3
LAP-001088,KDMP-00182,2026-04,2026-04-04,81.2
LAP-001089,KDMP-00182,2026-05,2026-05-03,84.4
LAP-001090,KDMP-00182,2026-06,2026-06-06,92.4
LAP-001091,KDMP-00182,2026-07,2026-07-05,93.5
LAP-001092,KDMP-00182,2026-08,2026-08-04,87.2
LAP-001093,KDMP-00183,2026-03,2026-03-06,55.5
LAP-001094,KDMP-00183,2026-04,2026-04-03,57.8
LAP-001095,KDMP-00183,2026-05,2026-05-04,61.5
LAP-001096,KDMP-00183,2026-06,2026-06-01,52.5
LAP-001097,KDMP-00183,2026-07,2026-07-03,88.7
LAP-001098,KDMP-00183,2026-08,2026-08-07,79.8
LAP-001099,KDMP-00184,2026-03,2026-03-10,55.9
LAP-001100,KDMP-00184,2026-04,2026-04-08,69.2
LAP-001101,KDMP-00184,2026-05,2026-05-08,55.1
LAP-001102,KDMP-00184,2026-06,2026-06-03,59.5
LAP-001103,KDMP-00184,2026-07,2026-07-03,69.2
LAP-001104,KDMP-00184,2026-08,2026-08-02,50.8
LAP-001105,KDMP-00185,2026-03,2026-03-09,17.4
LAP-001106,KDMP-00185,2026-04,2026-04-03,39.9
LAP-001107,KDMP-00185,2026-05,2026-05-06,43.7
LAP-001108,KDMP-00185,2026-06,2026-06-10,37.9
LAP-001109,KDMP-00185,2026-07,2026-07-07,14.9
LAP-001110,KDMP-00185,2026-08,2026-08-04,26.4
LAP-001111,KDMP-00186,2026-03,2026-03-01,19.7
LAP-001112,KDMP-00186,2026-04,2026-04-03,19.4
LAP-001113,KDMP-00186,2026-05,2026-05-01,40.0
LAP-001114,KDMP-00186,2026-06,2026-06-02,51.7
LAP-001115,KDMP-00186,2026-07,2026-07-10,49.8
LAP-001116,KDMP-00186,2026-08,2026-08-01,14.2
LAP-001117,KDMP-00187,2026-03,2026-03-06,22.1
LAP-001118,KDMP-00187,2026-04,2026-04-03,5.7
LAP-001119,KDMP-00187,2026-05,2026-05-02,6.8
LAP-001120,KDMP-00187,2026-06,2026-06-01,31.1
LAP-001121,KDMP-00187,2026-07,2026-07-04,7.4
LAP-001122,KDMP-00187,2026-08,2026-08-04,22.2
LAP-001123,KDMP-00188,2026-03,2026-03-04,87.5
LAP-001124,KDMP-00188,2026-04,2026-04-08,89.8
LAP-001125,KDMP-00188,2026-05,2026-05-01,81.7
LAP-001126,KDMP-00188,2026-06,2026-06-01,80.0
LAP-001127,KDMP-00188,2026-07,2026-07-10,83.7
LAP-001128,KDMP-00188,2026-08,2026-08-07,93.0
LAP-001129,KDMP-00189,2026-03,2026-03-03,94.3
LAP-001130,KDMP-00189,2026-04,2026-04-06,89.5
LAP-001131,KDMP-00189,2026-05,2026-05-05,84.0
LAP-001132,KDMP-00189,2026-06,2026-06-02,79.9
LAP-001133,KDMP-00189,2026-07,2026-07-06,66.8
LAP-001134,KDMP-00189,2026-08,2026-08-10,54.9
LAP-001135,KDMP-00190,2026-03,2026-03-08,59.9
LAP-001136,KDMP-00190,2026-04,2026-04-10,68.5
LAP-001137,KDMP-00190,2026-05,2026-05-03,96.2
LAP-001138,KDMP-00190,2026-06,2026-06-05,84.5
LAP-001139,KDMP-00190,2026-07,2026-07-06,95.9
LAP-001140,KDMP-00190,2026-08,2026-08-04,94.5
LAP-001141,KDMP-00191,2026-03,2026-03-04,8.2
LAP-001142,KDMP-00191,2026-04,2026-04-07,7.3
LAP-001143,KDMP-00191,2026-05,2026-05-08,32.7
LAP-001144,KDMP-00191,2026-06,2026-06-09,27.4
LAP-001145,KDMP-00191,2026-07,2026-07-05,46.0
LAP-001146,KDMP-00191,2026-08,2026-08-05,23.7
LAP-001147,KDMP-00192,2026-03,2026-03-05,64.1
LAP-001148,KDMP-00192,2026-04,2026-04-08,76.8
LAP-001149,KDMP-00192,2026-05,2026-05-02,50.4
LAP-001150,KDMP-00192,2026-06,2026-06-06,69.7
LAP-001151,KDMP-00192,2026-07,2026-07-10,56.3
LAP-001152,KDMP-00192,2026-08,2026-08-02,72.4
LAP-001153,KDMP-00193,2026-03,2026-03-08,91.4
LAP-001154,KDMP-00193,2026-04,2026-04-07,86.9
LAP-001155,KDMP-00193,2026-05,2026-05-07,77.8
LAP-001156,KDMP-00193,2026-06,2026-06-06,51.7
LAP-001157,KDMP-00193,2026-07,2026-07-08,41.2
LAP-001158,KDMP-00193,2026-08,2026-08-07,44.6
LAP-001159,KDMP-00194,2026-03,2026-03-01,93.5
LAP-001160,KDMP-00194,2026-04,2026-04-03,100
LAP-001161,KDMP-00194,2026-05,2026-05-06,87.4
LAP-001162,KDMP-00194,2026-06,2026-06-01,76.1
LAP-001163,KDMP-00194,2026-07,2026-07-02,65.2
LAP-001164,KDMP-00194,2026-08,2026-08-10,60.4
LAP-001165,KDMP-00195,2026-03,2026-03-03,58.5
LAP-001166,KDMP-00195,2026-04,2026-04-02,69.6
LAP-001167,KDMP-00195,2026-05,2026-05-09,80.8
LAP-001168,KDMP-00195,2026-06,2026-06-08,95.5
LAP-001169,KDMP-00195,2026-07,2026-07-08,90.1
LAP-001170,KDMP-00195,2026-08,2026-08-04,100
LAP-001171,KDMP-00196,2026-03,2026-03-03,23.9
LAP-001172,KDMP-00196,2026-04,2026-04-08,13.0
LAP-001173,KDMP-00196,2026-05,2026-05-06,10.4
LAP-001174,KDMP-00196,2026-06,2026-06-02,58.4
LAP-001175,KDMP-00196,2026-07,2026-07-07,57.6
LAP-001176,KDMP-00196,2026-08,2026-08-09,48.0
LAP-001177,KDMP-00197,2026-03,2026-03-09,94.4
LAP-001178,KDMP-00197,2026-04,2026-04-04,87.4
LAP-001179,KDMP-00197,2026-05,2026-05-02,98.2
LAP-001180,KDMP-00197,2026-06,2026-06-03,81.7
LAP-001181,KDMP-00197,2026-07,2026-07-04,92.1
LAP-001182,KDMP-00197,2026-08,2026-08-01,80.4
LAP-001183,KDMP-00198,2026-03,2026-03-04,80.0
LAP-001184,KDMP-00198,2026-04,2026-04-06,64.5
LAP-001185,KDMP-00198,2026-05,2026-05-04,74.7
LAP-001186,KDMP-00198,2026-06,2026-06-09,68.2
LAP-001187,KDMP-00198,2026-07,2026-07-03,68.1
LAP-001188,KDMP-00198,2026-08,2026-08-02,78.0
