notifikasi_id,koperasi_id,tanggal,jenis_alert,status_tindak_lanjut
NTF-000001,KDMP-00001,2026-04-28,Skor masuk kategori Kritis,Baru
NTF-000002,KDMP-00001,2026-06-28,Skor turun 6.7 poin dari bulan sebelumnya,Baru
NTF-000003,KDMP-00001,2026-08-28,Skor turun 7.4 poin dari bulan sebelumnya,Baru
NTF-000004,KDMP-00002,2026-05-28,Skor turun 18.5 poin dari bulan sebelumnya,Baru
NTF-000005,KDMP-00002,2026-08-28,Skor turun 10.6 poin dari bulan sebelumnya,Baru
NTF-000006,KDMP-00003,2026-06-28,Skor turun 5.9 poin dari bulan sebelumnya,Baru
NTF-000007,KDMP-00004,2026-06-28,Skor masuk kategori Kritis,Baru
NTF-000008,KDMP-00004,2026-07-28,Skor masuk kategori Kritis,Baru
NTF-000009,KDMP-00004,2026-08-28,Skor masuk kategori Kritis,Baru
NTF-000010,KDMP-00005,2026-04-28,Skor turun 5.6 poin dari bulan sebelumnya,Baru
NTF-000011,KDMP-00005,2026-06-28,Skor turun 48.2 poin dari bulan sebelumnya,Baru
NTF-000012,KDMP-00006,2026-05-28,Skor turun 25.5 poin dari bulan sebelumnya,Baru
NTF-000013,KDMP-00006,2026-07-28,Skor masuk kategori Kritis,Baru
NTF-000014,KDMP-00006,2026-08-28,Skor masuk kategori Kritis,Baru
NTF-000015,KDMP-00007,2026-03-28,Skor masuk kategori Kritis,Baru
NTF-000016,KDMP-00008,2026-04-28,Skor turun 12.4 poin dari bulan sebelumnya,Baru
NTF-000017,KDMP-00009,2026-03-28,Skor masuk kategori Kritis,Baru
NTF-000018,KDMP-00009,2026-05-28,Skor masuk kategori Kritis,Baru
NTF-000019,KDMP-00010,2026-05-28,Skor turun 14.1 poin dari bulan sebelumnya,Baru
NTF-000020,KDMP-00010,2026-07-28,Skor turun 8.5 poin dari bulan sebelumnya,Baru
NTF-000021,KDMP-00011,2026-04-28,Skor turun 17.0 poin dari bulan sebelumnya,Baru
NTF-000022,KDMP-00011,2026-06-28,Skor masuk kategori Kritis,Baru
NTF-000023,KDMP-00011,2026-07-28,Skor masuk kategori Kritis,Baru
NTF-000024,KDMP-00011,2026-08-28,Skor masuk kategori Kritis,Baru
NTF-000025,KDMP-00013,2026-05-28,Skor turun 10.0 poin dari bulan sebelumnya,Baru
NTF-000026,KDMP-00013,2026-07-28,Skor masuk kategori Kritis,Baru
NTF-000027,KDMP-00013,2026-08-28,Skor masuk kategori Kritis,Baru
NTF-000028,KDMP-00014,2026-06-28,Skor turun 19.8 poin dari bulan sebelumnya,Baru
NTF-000029,KDMP-00014,2026-08-28,Skor turun 8.1 poin dari bulan sebelumnya,Baru
NTF-000030,KDMP-00015,2026-04-28,Skor turun 15.4 poin dari bulan sebelumnya,Baru
NTF-000031,KDMP-00015,2026-07-28,Skor masuk kategori Kritis,Baru
NTF-000032,KDMP-00015,2026-08-28,Skor masuk kategori Kritis,Baru
NTF-000033,KDMP-00016,2026-04-28,Skor turun 10.5 poin dari bulan sebelumnya,Baru
NTF-000034,KDMP-00016,2026-06-28,Skor turun 24.9 poin dari bulan sebelumnya,Baru
NTF-000035,KDMP-00016,2026-08-28,Skor turun 6.8 poin dari bulan sebelumnya,Baru
NTF-000036,KDMP-00018,2026-04-28,Skor turun 17.2 poin dari bulan sebelumnya,Baru
NTF-000037,KDMP-00018,2026-08-28,Skor masuk kategori Kritis,Baru
NTF-000038,KDMP-00019,2026-05-28,Skor turun 24.0 poin dari bulan sebelumnya,Baru
NTF-000039,KDMP-00019,2026-06-28,Skor masuk kategori Kritis,Baru
NTF-000040,KDMP-00019,2026-07-28,Skor masuk kategori Kritis,Baru
NTF-000041,KDMP-00019,2026-08-28,Skor masuk kategori Kritis,Baru
NTF-000042,KDMP-00020,2026-04-28,Skor turun 9.3 poin dari bulan sebelumnya,Baru
NTF-000043,KDMP-00020,2026-07-28,Skor turun 6.8 poin dari bulan sebelumnya,Baru
NTF-000044,KDMP-00021,2026-03-28,Skor masuk kategori Kritis,Baru
NTF-000045,KDMP-00021,2026-04-28,Skor masuk kategori Kritis,Baru
NTF-000046,KDMP-00021,2026-05-28,Skor masuk kategori Kritis,Baru
NTF-000047,KDMP-00021,2026-06-28,Skor masuk kategori Kritis,Baru
NTF-000048,KDMP-00021,2026-07-28,Skor masuk kategori Kritis,Baru
NTF-000049,KDMP-00021,2026-08-28,Skor masuk kategori Kritis,Baru
NTF-000050,KDMP-00022,2026-05-28,Skor turun 24.0 poin dari bulan sebelumnya,Baru
NTF-000051,KDMP-00023,2026-06-28,Skor masuk kategori Kritis,Baru
NTF-000052,KDMP-00024,2026-03-28,Skor masuk kategori Kritis,Baru
NTF-000053,KDMP-00024,2026-05-28,Skor masuk kategori Kritis,Baru
NTF-000054,KDMP-00024,2026-08-28,Skor turun 25.4 poin dari bulan sebelumnya,Baru
NTF-000055,KDMP-00025,2026-08-28,Skor turun 5.5 poin dari bulan sebelumnya,Baru
NTF-000056,KDMP-00026,2026-04-28,Skor turun 14.1 poin dari bulan sebelumnya,Baru
NTF-000057,KDMP-00026,2026-06-28,Skor turun 14.9 poin dari bulan sebelumnya,Baru
NTF-000058,KDMP-00026,2026-07-28,Skor masuk kategori Kritis,Baru
NTF-000059,KDMP-00026,2026-08-28,Skor masuk kategori Kritis,Baru
NTF-000060,KDMP-00027,2026-04-28,Skor turun 7.3 poin dari bulan sebelumnya,Baru
NTF-000061,KDMP-00027,2026-06-28,Skor turun 14.2 poin dari bulan sebelumnya,Baru
NTF-000062,KDMP-00027,2026-08-28,Skor turun 11.6 poin dari bulan sebelumnya,Baru
NTF-000063,KDMP-00028,2026-05-28,Skor turun 8.2 poin dari bulan sebelumnya,Baru
NTF-000064,KDMP-00028,2026-07-28,Skor turun 23.4 poin dari bulan sebelumnya,Baru
NTF-000065,KDMP-00028,2026-08-28,Skor turun 10.1 poin dari bulan sebelumnya,Baru
NTF-000066,KDMP-00030,2026-08-28,Skor turun 7.2 poin dari bulan sebelumnya,Baru
NTF-000067,KDMP-00031,2026-05-28,Skor turun 19.1 poin dari bulan sebelumnya,Baru
NTF-000068,KDMP-00031,2026-07-28,Skor turun 9.7 poin dari bulan sebelumnya,Baru
NTF-000069,KDMP-00032,2026-06-28,Skor turun 8.7 poin dari bulan sebelumnya,Baru
NTF-000070,KDMP-00032,2026-08-28,Skor turun 5.9 poin dari bulan sebelumnya,Baru
NTF-000071,KDMP-00034,2026-03-28,Skor masuk kategori Kritis,Baru
NTF-000072,KDMP-00034,2026-04-28,Skor masuk kategori Kritis,Baru
NTF-000073,KDMP-00035,2026-04-28,Skor turun 6.8 poin dari bulan sebelumnya,Baru
NTF-000074,KDMP-00035,2026-06-28,Skor turun 13.8 poin dari bulan sebelumnya,Baru
NTF-000075,KDMP-00036,2026-05-28,Skor turun 12.4 poin dari bulan sebelumnya,Baru
NTF-000076,KDMP-00036,2026-08-28,Skor turun 10.8 poin dari bulan sebelumnya,Baru
NTF-000077,KDMP-00037,2026-05-28,Skor turun 18.1 poin dari bulan sebelumnya,Baru
NTF-000078,KDMP-00037,2026-07-28,Skor turun 6.1 poin dari bulan sebelumnya,Baru
NTF-000079,KDMP-00038,2026-06-28,Skor turun 6.4 poin dari bulan sebelumnya,Baru
NTF-000080,KDMP-00038,2026-08-28,Skor turun 8.6 poin dari bulan sebelumnya,Baru
NTF-000081,KDMP-00039,2026-04-28,Skor turun 11.1 poin dari bulan sebelumnya,Baru
NTF-000082,KDMP-00039,2026-05-28,Skor turun 5.8 poin dari bulan sebelumnya,Baru
NTF-000083,KDMP-00041,2026-05-28,Skor masuk kategori Kritis,Baru
NTF-000084,KDMP-00042,2026-05-28,Skor turun 12.8 poin dari bulan sebelumnya,Baru
NTF-000085,KDMP-00042,2026-07-28,Skor turun 7.1 poin dari bulan sebelumnya,Baru
NTF-000086,KDMP-00042,2026-08-28,Skor turun 7.4 poin dari bulan sebelumnya,Baru
NTF-000087,KDMP-00043,2026-05-28,Skor turun 11.5 poin dari bulan sebelumnya,Baru
NTF-000088,KDMP-00043,2026-06-28,Skor masuk kategori Kritis,Baru
NTF-000089,KDMP-00043,2026-07-28,Skor masuk kategori Kritis,Baru
NTF-000090,KDMP-00043,2026-08-28,Skor masuk kategori Kritis,Baru
NTF-000091,KDMP-00044,2026-04-28,Skor turun 6.7 poin dari bulan sebelumnya,Baru
NTF-000092,KDMP-00045,2026-06-28,Skor turun 5.6 poin dari bulan sebelumnya,Baru
NTF-000093,KDMP-00045,2026-08-28,Skor turun 12.2 poin dari bulan sebelumnya,Baru
NTF-000094,KDMP-00046,2026-05-28,Skor turun 5.6 poin dari bulan sebelumnya,Baru
NTF-000095,KDMP-00046,2026-06-28,Skor turun 5.3 poin dari bulan sebelumnya,Baru
NTF-000096,KDMP-00048,2026-03-28,Skor masuk kategori Kritis,Baru
NTF-000097,KDMP-00048,2026-04-28,Skor masuk kategori Kritis,Baru
NTF-000098,KDMP-00048,2026-05-28,Skor masuk kategori Kritis,Baru
NTF-000099,KDMP-00048,2026-06-28,Skor masuk kategori Kritis,Baru
NTF-000100,KDMP-00048,2026-07-28,Skor masuk kategori Kritis,Baru
NTF-000101,KDMP-00048,2026-08-28,Skor masuk kategori Kritis,Baru
NTF-000102,KDMP-00049,2026-06-28,Skor turun 9.3 poin dari bulan sebelumnya,Baru
NTF-000103,KDMP-00050,2026-03-28,Skor masuk kategori Kritis,Baru
NTF-000104,KDMP-00050,2026-04-28,Skor masuk kategori Kritis,Baru
NTF-000105,KDMP-00050,2026-05-28,Skor masuk kategori Kritis,Baru
NTF-000106,KDMP-00050,2026-06-28,Skor masuk kategori Kritis,Baru
NTF-000107,KDMP-00050,2026-07-28,Skor masuk kategori Kritis,Baru
NTF-000108,KDMP-00050,2026-08-28,Skor masuk kategori Kritis,Baru
NTF-000109,KDMP-00051,2026-06-28,Skor masuk kategori Kritis,Baru
NTF-000110,KDMP-00051,2026-07-28,Skor masuk kategori Kritis,Baru
NTF-000111,KDMP-00051,2026-08-28,Skor masuk kategori Kritis,Baru
NTF-000112,KDMP-00052,2026-04-28,Skor masuk kategori Kritis,Baru
NTF-000113,KDMP-00052,2026-06-28,Skor turun 15.4 poin dari bulan sebelumnya,Baru
NTF-000114,KDMP-00053,2026-03-28,Skor masuk kategori Kritis,Baru
NTF-000115,KDMP-00053,2026-04-28,Skor masuk kategori Kritis,Baru
NTF-000116,KDMP-00053,2026-05-28,Skor masuk kategori Kritis,Baru
NTF-000117,KDMP-00053,2026-06-28,Skor masuk kategori Kritis,Baru
NTF-000118,KDMP-00053,2026-07-28,Skor masuk kategori Kritis,Baru
NTF-000119,KDMP-00053,2026-08-28,Skor masuk kategori Kritis,Baru
NTF-000120,KDMP-00054,2026-05-28,Skor turun 17.0 poin dari bulan sebelumnya,Baru
NTF-000121,KDMP-00054,2026-06-28,Skor turun 5.1 poin dari bulan sebelumnya,Baru
NTF-000122,KDMP-00054,2026-08-28,Skor turun 9.1 poin dari bulan sebelumnya,Baru
NTF-000123,KDMP-00055,2026-03-28,Skor masuk kategori Kritis,Baru
NTF-000124,KDMP-00055,2026-04-28,Skor masuk kategori Kritis,Baru
NTF-000125,KDMP-00055,2026-05-28,Skor masuk kategori Kritis,Baru
NTF-000126,KDMP-00055,2026-06-28,Skor masuk kategori Kritis,Baru
NTF-000127,KDMP-00055,2026-07-28,Skor masuk kategori Kritis,Baru
NTF-000128,KDMP-00055,2026-08-28,Skor masuk kategori Kritis,Baru
NTF-000129,KDMP-00056,2026-03-28,Skor masuk kategori Kritis,Baru
NTF-000130,KDMP-00056,2026-08-28,Skor turun 16.4 poin dari bulan sebelumnya,Baru
NTF-000131,KDMP-00057,2026-04-28,Skor masuk kategori Kritis,Baru
NTF-000132,KDMP-00057,2026-07-28,Skor turun 6.2 poin dari bulan sebelumnya,Baru
NTF-000133,KDMP-00058,2026-03-28,Skor masuk kategori Kritis,Baru
NTF-000134,KDMP-00058,2026-04-28,Skor masuk kategori Kritis,Baru
NTF-000135,KDMP-00058,2026-05-28,Skor masuk kategori Kritis,Baru
NTF-000136,KDMP-00058,2026-06-28,Skor masuk kategori Kritis,Baru
NTF-000137,KDMP-00058,2026-07-28,Skor masuk kategori Kritis,Baru
NTF-000138,KDMP-00058,2026-08-28,Skor masuk kategori Kritis,Baru
NTF-000139,KDMP-00059,2026-04-28,Skor masuk kategori Kritis,Baru
NTF-000140,KDMP-00059,2026-08-28,Skor masuk kategori Kritis,Baru
NTF-000141,KDMP-00060,2026-07-28,Skor masuk kategori Kritis,Baru
NTF-000142,KDMP-00060,2026-08-28,Skor masuk kategori Kritis,Baru
NTF-000143,KDMP-00062,2026-03-28,Skor masuk kategori Kritis,Baru
NTF-000144,KDMP-00062,2026-04-28,Skor masuk kategori Kritis,Baru
NTF-000145,KDMP-00062,2026-05-28,Skor masuk kategori Kritis,Baru
NTF-000146,KDMP-00062,2026-06-28,Skor masuk kategori Kritis,Baru
NTF-000147,KDMP-00062,2026-07-28,Skor masuk kategori Kritis,Baru
NTF-000148,KDMP-00062,2026-08-28,Skor masuk kategori Kritis,Baru
NTF-000149,KDMP-00063,2026-03-28,Skor masuk kategori Kritis,Baru
NTF-000150,KDMP-00063,2026-08-28,Skor turun 13.0 poin dari bulan sebelumnya,Baru
NTF-000151,KDMP-00064,2026-05-28,Skor turun 6.1 poin dari bulan sebelumnya,Baru
NTF-000152,KDMP-00064,2026-07-28,Skor turun 11.0 poin dari bulan sebelumnya,Baru
NTF-000153,KDMP-00065,2026-05-28,Skor masuk kategori Kritis,Baru
NTF-000154,KDMP-00065,2026-07-28,Skor masuk kategori Kritis,Baru
NTF-000155,KDMP-00065,2026-08-28,Skor masuk kategori Kritis,Baru
NTF-000156,KDMP-00066,2026-03-28,Skor masuk kategori Kritis,Baru
NTF-000157,KDMP-00066,2026-04-28,Skor masuk kategori Kritis,Baru
NTF-000158,KDMP-00066,2026-05-28,Skor masuk kategori Kritis,Baru
NTF-000159,KDMP-00066,2026-06-28,Skor masuk kategori Kritis,Baru
NTF-000160,KDMP-00066,2026-07-28,Skor masuk kategori Kritis,Baru
NTF-000161,KDMP-00066,2026-08-28,Skor masuk kategori Kritis,Baru
NTF-000162,KDMP-00068,2026-06-28,Skor turun 10.8 poin dari bulan sebelumnya,Baru
NTF-000163,KDMP-00069,2026-03-28,Skor masuk kategori Kritis,Baru
NTF-000164,KDMP-00069,2026-04-28,Skor masuk kategori Kritis,Baru
NTF-000165,KDMP-00069,2026-05-28,Skor masuk kategori Kritis,Baru
NTF-000166,KDMP-00069,2026-06-28,Skor masuk kategori Kritis,Baru
NTF-000167,KDMP-00069,2026-07-28,Skor masuk kategori Kritis,Baru
NTF-000168,KDMP-00069,2026-08-28,Skor masuk kategori Kritis,Baru
NTF-000169,KDMP-00070,2026-05-28,Skor turun 5.6 poin dari bulan sebelumnya,Baru
NTF-000170,KDMP-00070,2026-06-28,Skor masuk kategori Kritis,Baru
NTF-000171,KDMP-00070,2026-08-28,Skor masuk kategori Kritis,Baru
NTF-000172,KDMP-00071,2026-04-28,Skor turun 8.8 poin dari bulan sebelumnya,Baru
NTF-000173,KDMP-00071,2026-06-28,Skor masuk kategori Kritis,Baru
NTF-000174,KDMP-00071,2026-07-28,Skor masuk kategori Kritis,Baru
NTF-000175,KDMP-00071,2026-08-28,Skor masuk kategori Kritis,Baru
NTF-000176,KDMP-00072,2026-05-28,Skor turun 18.5 poin dari bulan sebelumnya,Baru
NTF-000177,KDMP-00072,2026-08-28,Skor turun 11.1 poin dari bulan sebelumnya,Baru
NTF-000178,KDMP-00073,2026-07-28,Skor turun 8.3 poin dari bulan sebelumnya,Baru
NTF-000179,KDMP-00074,2026-03-28,Skor masuk kategori Kritis,Baru
NTF-000180,KDMP-00074,2026-04-28,Skor masuk kategori Kritis,Baru
NTF-000181,KDMP-00075,2026-03-28,Skor masuk kategori Kritis,Baru
NTF-000182,KDMP-00076,2026-06-28,Skor turun 9.2 poin dari bulan sebelumnya,Baru
NTF-000183,KDMP-00078,2026-04-28,Skor masuk kategori Kritis,Baru
NTF-000184,KDMP-00078,2026-05-28,Skor masuk kategori Kritis,Baru
NTF-000185,KDMP-00079,2026-03-28,Skor masuk kategori Kritis,Baru
NTF-000186,KDMP-00079,2026-04-28,Skor masuk kategori Kritis,Baru
NTF-000187,KDMP-00079,2026-05-28,Skor masuk kategori Kritis,Baru
NTF-000188,KDMP-00079,2026-06-28,Skor masuk kategori Kritis,Baru
NTF-000189,KDMP-00079,2026-07-28,Skor masuk kategori Kritis,Baru
NTF-000190,KDMP-00079,2026-08-28,Skor masuk kategori Kritis,Baru
NTF-000191,KDMP-00080,2026-06-28,Skor turun 9.4 poin dari bulan sebelumnya,Baru
NTF-000192,KDMP-00081,2026-03-28,Skor masuk kategori Kritis,Baru
NTF-000193,KDMP-00081,2026-04-28,Skor masuk kategori Kritis,Baru
NTF-000194,KDMP-00081,2026-05-28,Skor masuk kategori Kritis,Baru
NTF-000195,KDMP-00081,2026-06-28,Skor masuk kategori Kritis,Baru
NTF-000196,KDMP-00081,2026-07-28,Skor masuk kategori Kritis,Baru
NTF-000197,KDMP-00081,2026-08-28,Skor masuk kategori Kritis,Baru
NTF-000198,KDMP-00082,2026-03-28,Skor masuk kategori Kritis,Baru
NTF-000199,KDMP-00082,2026-04-28,Skor masuk kategori Kritis,Baru
NTF-000200,KDMP-00082,2026-05-28,Skor masuk kategori Kritis,Baru
NTF-000201,KDMP-00082,2026-06-28,Skor masuk kategori Kritis,Baru
NTF-000202,KDMP-00082,2026-07-28,Skor masuk kategori Kritis,Baru
NTF-000203,KDMP-00082,2026-08-28,Skor masuk kategori Kritis,Baru
NTF-000204,KDMP-00083,2026-05-28,Skor turun 12.2 poin dari bulan sebelumnya,Baru
NTF-000205,KDMP-00083,2026-06-28,Skor turun 5.3 poin dari bulan sebelumnya,Baru
NTF-000206,KDMP-00083,2026-07-28,Skor masuk kategori Kritis,Baru
NTF-000207,KDMP-00083,2026-08-28,Skor masuk kategori Kritis,Baru
NTF-000208,KDMP-00084,2026-04-28,Skor turun 6.4 poin dari bulan sebelumnya,Baru
NTF-000209,KDMP-00084,2026-06-28,Skor masuk kategori Kritis,Baru
NTF-000210,KDMP-00084,2026-07-28,Skor masuk kategori Kritis,Baru
NTF-000211,KDMP-00084,2026-08-28,Skor masuk kategori Kritis,Baru
NTF-000212,KDMP-00085,2026-06-28,Skor turun 7.5 poin dari bulan sebelumnya,Baru
NTF-000213,KDMP-00086,2026-05-28,Skor turun 12.4 poin dari bulan sebelumnya,Baru
NTF-000214,KDMP-00086,2026-06-28,Skor turun 33.1 poin dari bulan sebelumnya,Baru
NTF-000215,KDMP-00086,2026-07-28,Skor turun 5.6 poin dari bulan sebelumnya,Baru
NTF-000216,KDMP-00087,2026-04-28,Skor turun 9.7 poin dari bulan sebelumnya,Baru
NTF-000217,KDMP-00087,2026-05-28,Skor turun 9.6 poin dari bulan sebelumnya,Baru
NTF-000218,KDMP-00087,2026-07-28,Skor turun 5.7 poin dari bulan sebelumnya,Baru
NTF-000219,KDMP-00087,2026-08-28,Skor turun 10.2 poin dari bulan sebelumnya,Baru
NTF-000220,KDMP-00088,2026-05-28,Skor turun 13.2 poin dari bulan sebelumnya,Baru
NTF-000221,KDMP-00088,2026-07-28,Skor masuk kategori Kritis,Baru
NTF-000222,KDMP-00088,2026-08-28,Skor masuk kategori Kritis,Baru
NTF-000223,KDMP-00089,2026-03-28,Skor masuk kategori Kritis,Baru
NTF-000224,KDMP-00089,2026-08-28,Skor turun 15.4 poin dari bulan sebelumnya,Baru
NTF-000225,KDMP-00090,2026-04-28,Skor turun 8.4 poin dari bulan sebelumnya,Baru
NTF-000226,KDMP-00090,2026-05-28,Skor turun 8.0 poin dari bulan sebelumnya,Baru
NTF-000227,KDMP-00090,2026-06-28,Skor turun 7.3 poin dari bulan sebelumnya,Baru
NTF-000228,KDMP-00091,2026-05-28,Skor turun 7.0 poin dari bulan sebelumnya,Baru
NTF-000229,KDMP-00091,2026-07-28,Skor masuk kategori Kritis,Baru
NTF-000230,KDMP-00091,2026-08-28,Skor masuk kategori Kritis,Baru
NTF-000231,KDMP-00092,2026-05-28,Skor turun 11.5 poin dari bulan sebelumnya,Baru
NTF-000232,KDMP-00092,2026-07-28,Skor turun 10.4 poin dari bulan sebelumnya,Baru
NTF-000233,KDMP-00093,2026-03-28,Skor masuk kategori Kritis,Baru
NTF-000234,KDMP-00093,2026-04-28,Skor masuk kategori Kritis,Baru
NTF-000235,KDMP-00093,2026-05-28,Skor masuk kategori Kritis,Baru
NTF-000236,KDMP-00093,2026-06-28,Skor masuk kategori Kritis,Baru
NTF-000237,KDMP-00093,2026-07-28,Skor masuk kategori Kritis,Baru
NTF-000238,KDMP-00093,2026-08-28,Skor masuk kategori Kritis,Baru
NTF-000239,KDMP-00094,2026-03-28,Skor masuk kategori Kritis,Baru
NTF-000240,KDMP-00094,2026-04-28,Skor masuk kategori Kritis,Baru
NTF-000241,KDMP-00094,2026-05-28,Skor masuk kategori Kritis,Baru
NTF-000242,KDMP-00094,2026-08-28,Skor turun 10.0 poin dari bulan sebelumnya,Baru
NTF-000243,KDMP-00095,2026-04-28,Skor turun 10.7 poin dari bulan sebelumnya,Baru
NTF-000244,KDMP-00095,2026-07-28,Skor turun 14.8 poin dari bulan sebelumnya,Baru
NTF-000245,KDMP-00096,2026-03-28,Skor masuk kategori Kritis,Baru
NTF-000246,KDMP-00096,2026-04-28,Skor masuk kategori Kritis,Baru
NTF-000247,KDMP-00096,2026-05-28,Skor masuk kategori Kritis,Baru
NTF-000248,KDMP-00096,2026-06-28,Skor masuk kategori Kritis,Baru
NTF-000249,KDMP-00096,2026-07-28,Skor masuk kategori Kritis,Baru
NTF-000250,KDMP-00096,2026-08-28,Skor masuk kategori Kritis,Baru
NTF-000251,KDMP-00097,2026-05-28,Skor turun 10.3 poin dari bulan sebelumnya,Baru
NTF-000252,KDMP-00097,2026-07-28,Skor turun 9.3 poin dari bulan sebelumnya,Baru
NTF-000253,KDMP-00098,2026-07-28,Skor turun 22.0 poin dari bulan sebelumnya,Baru
NTF-000254,KDMP-00098,2026-08-28,Skor turun 8.2 poin dari bulan sebelumnya,Baru
NTF-000255,KDMP-00099,2026-03-28,Skor masuk kategori Kritis,Baru
NTF-000256,KDMP-00099,2026-08-28,Skor turun 5.5 poin dari bulan sebelumnya,Baru
NTF-000257,KDMP-00100,2026-03-28,Skor masuk kategori Kritis,Baru
NTF-000258,KDMP-00100,2026-04-28,Skor masuk kategori Kritis,Baru
NTF-000259,KDMP-00100,2026-05-28,Skor masuk kategori Kritis,Baru
NTF-000260,KDMP-00100,2026-06-28,Skor masuk kategori Kritis,Baru
NTF-000261,KDMP-00100,2026-07-28,Skor masuk kategori Kritis,Baru
NTF-000262,KDMP-00100,2026-08-28,Skor masuk kategori Kritis,Baru
NTF-000263,KDMP-00101,2026-03-28,Skor masuk kategori Kritis,Baru
NTF-000264,KDMP-00101,2026-04-28,Skor masuk kategori Kritis,Baru
NTF-000265,KDMP-00101,2026-05-28,Skor masuk kategori Kritis,Baru
NTF-000266,KDMP-00101,2026-08-28,Skor turun 9.7 poin dari bulan sebelumnya,Baru
NTF-000267,KDMP-00102,2026-03-28,Skor masuk kategori Kritis,Baru
NTF-000268,KDMP-00103,2026-05-28,Skor turun 12.4 poin dari bulan sebelumnya,Baru
NTF-000269,KDMP-00103,2026-07-28,Skor turun 14.7 poin dari bulan sebelumnya,Baru
NTF-000270,KDMP-00104,2026-03-28,Skor masuk kategori Kritis,Baru
NTF-000271,KDMP-00104,2026-04-28,Skor masuk kategori Kritis,Baru
NTF-000272,KDMP-00104,2026-05-28,Skor masuk kategori Kritis,Baru
NTF-000273,KDMP-00104,2026-06-28,Skor masuk kategori Kritis,Baru
NTF-000274,KDMP-00104,2026-07-28,Skor masuk kategori Kritis,Baru
NTF-000275,KDMP-00104,2026-08-28,Skor masuk kategori Kritis,Baru
NTF-000276,KDMP-00105,2026-04-28,Skor turun 12.5 poin dari bulan sebelumnya,Baru
NTF-000277,KDMP-00105,2026-05-28,Skor masuk kategori Kritis,Baru
NTF-000278,KDMP-00105,2026-07-28,Skor masuk kategori Kritis,Baru
NTF-000279,KDMP-00105,2026-08-28,Skor masuk kategori Kritis,Baru
NTF-000280,KDMP-00106,2026-04-28,Skor turun 12.4 poin dari bulan sebelumnya,Baru
NTF-000281,KDMP-00106,2026-06-28,Skor turun 6.8 poin dari bulan sebelumnya,Baru
NTF-000282,KDMP-00106,2026-07-28,Skor turun 9.5 poin dari bulan sebelumnya,Baru
NTF-000283,KDMP-00108,2026-05-28,Skor turun 7.4 poin dari bulan sebelumnya,Baru
NTF-000284,KDMP-00108,2026-08-28,Skor turun 8.5 poin dari bulan sebelumnya,Baru
NTF-000285,KDMP-00109,2026-03-28,Skor masuk kategori Kritis,Baru
NTF-000286,KDMP-00109,2026-04-28,Skor masuk kategori Kritis,Baru
NTF-000287,KDMP-00109,2026-05-28,Skor masuk kategori Kritis,Baru
NTF-000288,KDMP-00109,2026-06-28,Skor masuk kategori Kritis,Baru
NTF-000289,KDMP-00109,2026-07-28,Skor masuk kategori Kritis,Baru
NTF-000290,KDMP-00109,2026-08-28,Skor masuk kategori Kritis,Baru
NTF-000291,KDMP-00110,2026-03-28,Skor masuk kategori Kritis,Baru
NTF-000292,KDMP-00110,2026-04-28,Skor masuk kategori Kritis,Baru
NTF-000293,KDMP-00110,2026-05-28,Skor masuk kategori Kritis,Baru
NTF-000294,KDMP-00110,2026-06-28,Skor masuk kategori Kritis,Baru
NTF-000295,KDMP-00110,2026-07-28,Skor masuk kategori Kritis,Baru
NTF-000296,KDMP-00110,2026-08-28,Skor masuk kategori Kritis,Baru
NTF-000297,KDMP-00111,2026-03-28,Skor masuk kategori Kritis,Baru
NTF-000298,KDMP-00111,2026-06-28,Skor masuk kategori Kritis,Baru
NTF-000299,KDMP-00111,2026-07-28,Skor masuk kategori Kritis,Baru
NTF-000300,KDMP-00111,2026-08-28,Skor masuk kategori Kritis,Baru
NTF-000301,KDMP-00112,2026-04-28,Skor turun 15.3 poin dari bulan sebelumnya,Baru
NTF-000302,KDMP-00112,2026-06-28,Skor masuk kategori Kritis,Baru
NTF-000303,KDMP-00112,2026-08-28,Skor turun 6.1 poin dari bulan sebelumnya,Baru
NTF-000304,KDMP-00113,2026-03-28,Skor masuk kategori Kritis,Baru
NTF-000305,KDMP-00113,2026-04-28,Skor masuk kategori Kritis,Baru
NTF-000306,KDMP-00113,2026-05-28,Skor masuk kategori Kritis,Baru
NTF-000307,KDMP-00113,2026-06-28,Skor masuk kategori Kritis,Baru
NTF-000308,KDMP-00113,2026-07-28,Skor masuk kategori Kritis,Baru
NTF-000309,KDMP-00113,2026-08-28,Skor masuk kategori Kritis,Baru
NTF-000310,KDMP-00114,2026-04-28,Skor turun 16.4 poin dari bulan sebelumnya,Baru
NTF-000311,KDMP-00114,2026-06-28,Skor turun 46.1 poin dari bulan sebelumnya,Baru
NTF-000312,KDMP-00114,2026-07-28,Skor masuk kategori Kritis,Baru
NTF-000313,KDMP-00114,2026-08-28,Skor masuk kategori Kritis,Baru
NTF-000314,KDMP-00115,2026-04-28,Skor turun 6.2 poin dari bulan sebelumnya,Baru
NTF-000315,KDMP-00115,2026-06-28,Skor turun 21.4 poin dari bulan sebelumnya,Baru
NTF-000316,KDMP-00116,2026-06-28,Skor turun 12.4 poin dari bulan sebelumnya,Baru
NTF-000317,KDMP-00117,2026-03-28,Skor masuk kategori Kritis,Baru
NTF-000318,KDMP-00117,2026-04-28,Skor masuk kategori Kritis,Baru
NTF-000319,KDMP-00117,2026-05-28,Skor masuk kategori Kritis,Baru
NTF-000320,KDMP-00117,2026-06-28,Skor masuk kategori Kritis,Baru
NTF-000321,KDMP-00117,2026-07-28,Skor masuk kategori Kritis,Baru
NTF-000322,KDMP-00117,2026-08-28,Skor masuk kategori Kritis,Baru
NTF-000323,KDMP-00118,2026-05-28,Skor turun 14.7 poin dari bulan sebelumnya,Baru
NTF-000324,KDMP-00118,2026-06-28,Skor turun 22.4 poin dari bulan sebelumnya,Baru
NTF-000325,KDMP-00118,2026-08-28,Skor turun 7.6 poin dari bulan sebelumnya,Baru
NTF-000326,KDMP-00119,2026-07-28,Skor turun 26.4 poin dari bulan sebelumnya,Baru
NTF-000327,KDMP-00119,2026-08-28,Skor turun 7.2 poin dari bulan sebelumnya,Baru
NTF-000328,KDMP-00120,2026-03-28,Skor masuk kategori Kritis,Baru
NTF-000329,KDMP-00120,2026-04-28,Skor masuk kategori Kritis,Baru
NTF-000330,KDMP-00120,2026-05-28,Skor masuk kategori Kritis,Baru
NTF-000331,KDMP-00120,2026-06-28,Skor masuk kategori Kritis,Baru
NTF-000332,KDMP-00120,2026-07-28,Skor masuk kategori Kritis,Baru
NTF-000333,KDMP-00120,2026-08-28,Skor masuk kategori Kritis,Baru
NTF-000334,KDMP-00121,2026-06-28,Skor turun 8.9 poin dari bulan sebelumnya,Baru
NTF-000335,KDMP-00122,2026-04-28,Skor turun 12.3 poin dari bulan sebelumnya,Baru
NTF-000336,KDMP-00122,2026-05-28,Skor masuk kategori Kritis,Baru
NTF-000337,KDMP-00122,2026-07-28,Skor turun 6.7 poin dari bulan sebelumnya,Baru
NTF-000338,KDMP-00123,2026-08-28,Skor masuk kategori Kritis,Baru
NTF-000339,KDMP-00124,2026-05-28,Skor masuk kategori Kritis,Baru
NTF-000340,KDMP-00124,2026-06-28,Skor masuk kategori Kritis,Baru
NTF-000341,KDMP-00124,2026-07-28,Skor masuk kategori Kritis,Baru
NTF-000342,KDMP-00125,2026-07-28,Skor masuk kategori Kritis,Baru
NTF-000343,KDMP-00125,2026-08-28,Skor masuk kategori Kritis,Baru
NTF-000344,KDMP-00126,2026-05-28,Skor masuk kategori Kritis,Baru
NTF-000345,KDMP-00127,2026-03-28,Skor masuk kategori Kritis,Baru
NTF-000346,KDMP-00127,2026-04-28,Skor masuk kategori Kritis,Baru
NTF-000347,KDMP-00127,2026-05-28,Skor masuk kategori Kritis,Baru
NTF-000348,KDMP-00127,2026-06-28,Skor masuk kategori Kritis,Baru
NTF-000349,KDMP-00127,2026-07-28,Skor masuk kategori Kritis,Baru
NTF-000350,KDMP-00127,2026-08-28,Skor masuk kategori Kritis,Baru
NTF-000351,KDMP-00128,2026-05-28,Skor turun 22.0 poin dari bulan sebelumnya,Baru
NTF-000352,KDMP-00128,2026-08-28,Skor masuk kategori Kritis,Baru
NTF-000353,KDMP-00130,2026-03-28,Skor masuk kategori Kritis,Baru
NTF-000354,KDMP-00130,2026-04-28,Skor masuk kategori Kritis,Baru
NTF-000355,KDMP-00130,2026-05-28,Skor masuk kategori Kritis,Baru
NTF-000356,KDMP-00132,2026-05-28,Skor turun 9.9 poin dari bulan sebelumnya,Baru
NTF-000357,KDMP-00133,2026-06-28,Skor turun 7.5 poin dari bulan sebelumnya,Baru
NTF-000358,KDMP-00134,2026-08-28,Skor turun 7.0 poin dari bulan sebelumnya,Baru
NTF-000359,KDMP-00135,2026-05-28,Skor turun 12.4 poin dari bulan sebelumnya,Baru
NTF-000360,KDMP-00135,2026-07-28,Skor masuk kategori Kritis,Baru
NTF-000361,KDMP-00135,2026-08-28,Skor masuk kategori Kritis,Baru
NTF-000362,KDMP-00136,2026-03-28,Skor masuk kategori Kritis,Baru
NTF-000363,KDMP-00136,2026-04-28,Skor masuk kategori Kritis,Baru
NTF-000364,KDMP-00136,2026-05-28,Skor masuk kategori Kritis,Baru
NTF-000365,KDMP-00136,2026-06-28,Skor masuk kategori Kritis,Baru
NTF-000366,KDMP-00136,2026-07-28,Skor masuk kategori Kritis,Baru
NTF-000367,KDMP-00136,2026-08-28,Skor masuk kategori Kritis,Baru
NTF-000368,KDMP-00137,2026-04-28,Skor turun 5.6 poin dari bulan sebelumnya,Baru
NTF-000369,KDMP-00137,2026-08-28,Skor turun 5.7 poin dari bulan sebelumnya,Baru
NTF-000370,KDMP-00138,2026-05-28,Skor turun 6.0 poin dari bulan sebelumnya,Baru
NTF-000371,KDMP-00138,2026-07-28,Skor turun 13.5 poin dari bulan sebelumnya,Baru
NTF-000372,KDMP-00139,2026-06-28,Skor turun 5.7 poin dari bulan sebelumnya,Baru
NTF-000373,KDMP-00140,2026-03-28,Skor masuk kategori Kritis,Baru
NTF-000374,KDMP-00140,2026-04-28,Skor masuk kategori Kritis,Baru
NTF-000375,KDMP-00140,2026-08-28,Skor turun 10.2 poin dari bulan sebelumnya,Baru
NTF-000376,KDMP-00141,2026-03-28,Skor masuk kategori Kritis,Baru
NTF-000377,KDMP-00141,2026-04-28,Skor masuk kategori Kritis,Baru
NTF-000378,KDMP-00142,2026-03-28,Skor masuk kategori Kritis,Baru
NTF-000379,KDMP-00142,2026-04-28,Skor masuk kategori Kritis,Baru
NTF-000380,KDMP-00142,2026-05-28,Skor masuk kategori Kritis,Baru
NTF-000381,KDMP-00143,2026-06-28,Skor masuk kategori Kritis,Baru
NTF-000382,KDMP-00143,2026-08-28,Skor masuk kategori Kritis,Baru
NTF-000383,KDMP-00144,2026-04-28,Skor turun 24.1 poin dari bulan sebelumnya,Baru
NTF-000384,KDMP-00144,2026-06-28,Skor turun 18.1 poin dari bulan sebelumnya,Baru
NTF-000385,KDMP-00144,2026-08-28,Skor turun 10.7 poin dari bulan sebelumnya,Baru
NTF-000386,KDMP-00145,2026-03-28,Skor masuk kategori Kritis,Baru
NTF-000387,KDMP-00145,2026-04-28,Skor masuk kategori Kritis,Baru
NTF-000388,KDMP-00145,2026-08-28,Skor turun 15.2 poin dari bulan sebelumnya,Baru
NTF-000389,KDMP-00146,2026-07-28,Skor turun 12.3 poin dari bulan sebelumnya,Baru
NTF-000390,KDMP-00147,2026-03-28,Skor masuk kategori Kritis,Baru
NTF-000391,KDMP-00147,2026-04-28,Skor masuk kategori Kritis,Baru
NTF-000392,KDMP-00147,2026-05-28,Skor masuk kategori Kritis,Baru
NTF-000393,KDMP-00147,2026-08-28,Skor masuk kategori Kritis,Baru
NTF-000394,KDMP-00148,2026-06-28,Skor turun 5.0 poin dari bulan sebelumnya,Baru
NTF-000395,KDMP-00148,2026-07-28,Skor turun 13.9 poin dari bulan sebelumnya,Baru
NTF-000396,KDMP-00148,2026-08-28,Skor turun 10.6 poin dari bulan sebelumnya,Baru
NTF-000397,KDMP-00149,2026-04-28,Skor turun 5.1 poin dari bulan sebelumnya,Baru
NTF-000398,KDMP-00149,2026-05-28,Skor turun 16.5 poin dari bulan sebelumnya,Baru
NTF-000399,KDMP-00149,2026-08-28,Skor turun 6.6 poin dari bulan sebelumnya,Baru
NTF-000400,KDMP-00150,2026-03-28,Skor masuk kategori Kritis,Baru
NTF-000401,KDMP-00150,2026-04-28,Skor masuk kategori Kritis,Baru
NTF-000402,KDMP-00150,2026-05-28,Skor masuk kategori Kritis,Baru
NTF-000403,KDMP-00150,2026-08-28,Skor turun 5.5 poin dari bulan sebelumnya,Baru
NTF-000404,KDMP-00151,2026-08-28,Skor turun 9.6 poin dari bulan sebelumnya,Baru
NTF-000405,KDMP-00152,2026-03-28,Skor masuk kategori Kritis,Baru
NTF-000406,KDMP-00152,2026-04-28,Skor masuk kategori Kritis,Baru
NTF-000407,KDMP-00152,2026-05-28,Skor masuk kategori Kritis,Baru
NTF-000408,KDMP-00152,2026-06-28,Skor masuk kategori Kritis,Baru
NTF-000409,KDMP-00152,2026-07-28,Skor masuk kategori Kritis,Baru
NTF-000410,KDMP-00152,2026-08-28,Skor masuk kategori Kritis,Baru
NTF-000411,KDMP-00153,2026-03-28,Skor masuk kategori Kritis,Baru
NTF-000412,KDMP-00153,2026-04-28,Skor masuk kategori Kritis,Baru
NTF-000413,KDMP-00153,2026-05-28,Skor masuk kategori Kritis,Baru
NTF-000414,KDMP-00153,2026-06-28,Skor masuk kategori Kritis,Baru
NTF-000415,KDMP-00153,2026-07-28,Skor masuk kategori Kritis,Baru
NTF-000416,KDMP-00153,2026-08-28,Skor masuk kategori Kritis,Baru
NTF-000417,KDMP-00154,2026-03-28,Skor masuk kategori Kritis,Baru
NTF-000418,KDMP-00154,2026-07-28,Skor turun 5.7 poin dari bulan sebelumnya,Baru
NTF-000419,KDMP-00155,2026-05-28,Skor masuk kategori Kritis,Baru
NTF-000420,KDMP-00155,2026-06-28,Skor masuk kategori Kritis,Baru
NTF-000421,KDMP-00155,2026-07-28,Skor masuk kategori Kritis,Baru
NTF-000422,KDMP-00155,2026-08-28,Skor masuk kategori Kritis,Baru
NTF-000423,KDMP-00156,2026-06-28,Skor turun 7.7 poin dari bulan sebelumnya,Baru
NTF-000424,KDMP-00156,2026-07-28,Skor turun 7.2 poin dari bulan sebelumnya,Baru
NTF-000425,KDMP-00156,2026-08-28,Skor turun 10.4 poin dari bulan sebelumnya,Baru
NTF-000426,KDMP-00157,2026-03-28,Skor masuk kategori Kritis,Baru
NTF-000427,KDMP-00157,2026-05-28,Skor turun 12.7 poin dari bulan sebelumnya,Baru
NTF-000428,KDMP-00157,2026-07-28,Skor turun 7.4 poin dari bulan sebelumnya,Baru
NTF-000429,KDMP-00158,2026-03-28,Skor masuk kategori Kritis,Baru
NTF-000430,KDMP-00158,2026-04-28,Skor masuk kategori Kritis,Baru
NTF-000431,KDMP-00158,2026-05-28,Skor masuk kategori Kritis,Baru
NTF-000432,KDMP-00158,2026-06-28,Skor masuk kategori Kritis,Baru
NTF-000433,KDMP-00158,2026-07-28,Skor masuk kategori Kritis,Baru
NTF-000434,KDMP-00158,2026-08-28,Skor masuk kategori Kritis,Baru
NTF-000435,KDMP-00160,2026-03-28,Skor masuk kategori Kritis,Baru
NTF-000436,KDMP-00160,2026-04-28,Skor masuk kategori Kritis,Baru
NTF-000437,KDMP-00161,2026-04-28,Skor turun 11.9 poin dari bulan sebelumnya,Baru
NTF-000438,KDMP-00161,2026-07-28,Skor turun 9.5 poin dari bulan sebelumnya,Baru
NTF-000439,KDMP-00163,2026-04-28,Skor turun 5.1 poin dari bulan sebelumnya,Baru
NTF-000440,KDMP-00163,2026-06-28,Skor masuk kategori Kritis,Baru
NTF-000441,KDMP-00163,2026-07-28,Skor masuk kategori Kritis,Baru
NTF-000442,KDMP-00163,2026-08-28,Skor masuk kategori Kritis,Baru
NTF-000443,KDMP-00164,2026-04-28,Skor turun 9.8 poin dari bulan sebelumnya,Baru
NTF-000444,KDMP-00164,2026-07-28,Skor masuk kategori Kritis,Baru
NTF-000445,KDMP-00164,2026-08-28,Skor masuk kategori Kritis,Baru
NTF-000446,KDMP-00165,2026-04-28,Skor turun 9.2 poin dari bulan sebelumnya,Baru
NTF-000447,KDMP-00165,2026-06-28,Skor masuk kategori Kritis,Baru
NTF-000448,KDMP-00165,2026-07-28,Skor masuk kategori Kritis,Baru
NTF-000449,KDMP-00165,2026-08-28,Skor masuk kategori Kritis,Baru
NTF-000450,KDMP-00166,2026-07-28,Skor masuk kategori Kritis,Baru
NTF-000451,KDMP-00166,2026-08-28,Skor masuk kategori Kritis,Baru
NTF-000452,KDMP-00167,2026-05-28,Skor turun 5.9 poin dari bulan sebelumnya,Baru
NTF-000453,KDMP-00168,2026-04-28,Skor turun 8.1 poin dari bulan sebelumnya,Baru
NTF-000454,KDMP-00168,2026-07-28,Skor turun 31.8 poin dari bulan sebelumnya,Baru
NTF-000455,KDMP-00169,2026-05-28,Skor turun 14.3 poin dari bulan sebelumnya,Baru
NTF-000456,KDMP-00170,2026-05-28,Skor turun 5.7 poin dari bulan sebelumnya,Baru
NTF-000457,KDMP-00170,2026-06-28,Skor turun 5.2 poin dari bulan sebelumnya,Baru
NTF-000458,KDMP-00171,2026-03-28,Skor masuk kategori Kritis,Baru
NTF-000459,KDMP-00171,2026-04-28,Skor masuk kategori Kritis,Baru
NTF-000460,KDMP-00172,2026-06-28,Skor turun 6.3 poin dari bulan sebelumnya,Baru
NTF-000461,KDMP-00172,2026-07-28,Skor turun 11.5 poin dari bulan sebelumnya,Baru
NTF-000462,KDMP-00173,2026-04-28,Skor turun 5.1 poin dari bulan sebelumnya,Baru
NTF-000463,KDMP-00173,2026-06-28,Skor turun 8.3 poin dari bulan sebelumnya,Baru
NTF-000464,KDMP-00174,2026-04-28,Skor turun 9.6 poin dari bulan sebelumnya,Baru
NTF-000465,KDMP-00174,2026-06-28,Skor turun 8.7 poin dari bulan sebelumnya,Baru
NTF-000466,KDMP-00174,2026-07-28,Skor masuk kategori Kritis,Baru
NTF-000467,KDMP-00174,2026-08-28,Skor masuk kategori Kritis,Baru
NTF-000468,KDMP-00175,2026-05-28,Skor turun 12.6 poin dari bulan sebelumnya,Baru
NTF-000469,KDMP-00175,2026-07-28,Skor turun 11.4 poin dari bulan sebelumnya,Baru
NTF-000470,KDMP-00176,2026-06-28,Skor turun 5.4 poin dari bulan sebelumnya,Baru
NTF-000471,KDMP-00177,2026-05-28,Skor turun 15.5 poin dari bulan sebelumnya,Baru
NTF-000472,KDMP-00177,2026-06-28,Skor masuk kategori Kritis,Baru
NTF-000473,KDMP-00177,2026-07-28,Skor masuk kategori Kritis,Baru
NTF-000474,KDMP-00177,2026-08-28,Skor masuk kategori Kritis,Baru
NTF-000475,KDMP-00178,2026-03-28,Skor masuk kategori Kritis,Baru
NTF-000476,KDMP-00178,2026-04-28,Skor masuk kategori Kritis,Baru
NTF-000477,KDMP-00178,2026-05-28,Skor masuk kategori Kritis,Baru
NTF-000478,KDMP-00178,2026-06-28,Skor masuk kategori Kritis,Baru
NTF-000479,KDMP-00178,2026-07-28,Skor masuk kategori Kritis,Baru
NTF-000480,KDMP-00178,2026-08-28,Skor masuk kategori Kritis,Baru
NTF-000481,KDMP-00179,2026-04-28,Skor turun 18.0 poin dari bulan sebelumnya,Baru
NTF-000482,KDMP-00179,2026-08-28,Skor masuk kategori Kritis,Baru
NTF-000483,KDMP-00180,2026-04-28,Skor turun 8.5 poin dari bulan sebelumnya,Baru
NTF-000484,KDMP-00180,2026-06-28,Skor masuk kategori Kritis,Baru
NTF-000485,KDMP-00180,2026-08-28,Skor masuk kategori Kritis,Baru
NTF-000486,KDMP-00181,2026-03-28,Skor masuk kategori Kritis,Baru
NTF-000487,KDMP-00181,2026-04-28,Skor masuk kategori Kritis,Baru
NTF-000488,KDMP-00181,2026-05-28,Skor masuk kategori Kritis,Baru
NTF-000489,KDMP-00181,2026-06-28,Skor masuk kategori Kritis,Baru
NTF-000490,KDMP-00181,2026-07-28,Skor masuk kategori Kritis,Baru
NTF-000491,KDMP-00181,2026-08-28,Skor masuk kategori Kritis,Baru
NTF-000492,KDMP-00182,2026-05-28,Skor turun 9.4 poin dari bulan sebelumnya,Baru
NTF-000493,KDMP-00182,2026-07-28,Skor turun 11.4 poin dari bulan sebelumnya,Baru
NTF-000494,KDMP-00183,2026-03-28,Skor masuk kategori Kritis,Baru
NTF-000495,KDMP-00183,2026-08-28,Skor turun 11.4 poin dari bulan sebelumnya,Baru
NTF-000496,KDMP-00184,2026-05-28,Skor turun 7.5 poin dari bulan sebelumnya,Baru
NTF-000497,KDMP-00184,2026-08-28,Skor turun 7.6 poin dari bulan sebelumnya,Baru
NTF-000498,KDMP-00185,2026-03-28,Skor masuk kategori Kritis,Baru
NTF-000499,KDMP-00185,2026-04-28,Skor masuk kategori Kritis,Baru
NTF-000500,KDMP-00185,2026-05-28,Skor masuk kategori Kritis,Baru
NTF-000501,KDMP-00185,2026-06-28,Skor masuk kategori Kritis,Baru
NTF-000502,KDMP-00185,2026-07-28,Skor masuk kategori Kritis,Baru
NTF-000503,KDMP-00185,2026-08-28,Skor masuk kategori Kritis,Baru
NTF-000504,KDMP-00186,2026-03-28,Skor masuk kategori Kritis,Baru
NTF-000505,KDMP-00186,2026-04-28,Skor masuk kategori Kritis,Baru
NTF-000506,KDMP-00186,2026-05-28,Skor masuk kategori Kritis,Baru
NTF-000507,KDMP-00186,2026-06-28,Skor masuk kategori Kritis,Baru
NTF-000508,KDMP-00186,2026-07-28,Skor masuk kategori Kritis,Baru
NTF-000509,KDMP-00186,2026-08-28,Skor masuk kategori Kritis,Baru
NTF-000510,KDMP-00187,2026-03-28,Skor masuk kategori Kritis,Baru
NTF-000511,KDMP-00187,2026-04-28,Skor masuk kategori Kritis,Baru
NTF-000512,KDMP-00187,2026-05-28,Skor masuk kategori Kritis,Baru
NTF-000513,KDMP-00187,2026-06-28,Skor masuk kategori Kritis,Baru
NTF-000514,KDMP-00187,2026-07-28,Skor masuk kategori Kritis,Baru
NTF-000515,KDMP-00187,2026-08-28,Skor masuk kategori Kritis,Baru
NTF-000516,KDMP-00188,2026-05-28,Skor turun 6.6 poin dari bulan sebelumnya,Baru
NTF-000517,KDMP-00189,2026-05-28,Skor turun 6.9 poin dari bulan sebelumnya,Baru
NTF-000518,KDMP-00189,2026-07-28,Skor turun 22.6 poin dari bulan sebelumnya,Baru
NTF-000519,KDMP-00189,2026-08-28,Skor turun 8.2 poin dari bulan sebelumnya,Baru
NTF-000520,KDMP-00190,2026-07-28,Skor turun 9.9 poin dari bulan sebelumnya,Baru
NTF-000521,KDMP-00191,2026-03-28,Skor masuk kategori Kritis,Baru
NTF-000522,KDMP-00191,2026-04-28,Skor masuk kategori Kritis,Baru
NTF-000523,KDMP-00191,2026-05-28,Skor masuk kategori Kritis,Baru
NTF-000524,KDMP-00191,2026-06-28,Skor masuk kategori Kritis,Baru
NTF-000525,KDMP-00191,2026-07-28,Skor masuk kategori Kritis,Baru
NTF-000526,KDMP-00191,2026-08-28,Skor masuk kategori Kritis,Baru
NTF-000527,KDMP-00192,2026-03-28,Skor masuk kategori Kritis,Baru
NTF-000528,KDMP-00192,2026-07-28,Skor turun 8.6 poin dari bulan sebelumnya,Baru
NTF-000529,KDMP-00192,2026-08-28,Skor turun 5.7 poin dari bulan sebelumnya,Baru
NTF-000530,KDMP-00193,2026-04-28,Skor turun 8.4 poin dari bulan sebelumnya,Baru
NTF-000531,KDMP-00193,2026-07-28,Skor masuk kategori Kritis,Baru
NTF-000532,KDMP-00194,2026-04-28,Skor turun 13.2 poin dari bulan sebelumnya,Baru
NTF-000533,KDMP-00194,2026-05-28,Skor turun 8.0 poin dari bulan sebelumnya,Baru
NTF-000534,KDMP-00194,2026-07-28,Skor turun 7.6 poin dari bulan sebelumnya,Baru
NTF-000535,KDMP-00194,2026-08-28,Skor turun 11.3 poin dari bulan sebelumnya,Baru
NTF-000536,KDMP-00196,2026-03-28,Skor masuk kategori Kritis,Baru
NTF-000537,KDMP-00196,2026-04-28,Skor masuk kategori Kritis,Baru
NTF-000538,KDMP-00196,2026-05-28,Skor masuk kategori Kritis,Baru
NTF-000539,KDMP-00196,2026-08-28,Skor masuk kategori Kritis,Baru
NTF-000540,KDMP-00197,2026-06-28,Skor turun 12.7 poin dari bulan sebelumnya,Baru
NTF-000541,KDMP-00198,2026-04-28,Skor turun 7.2 poin dari bulan sebelumnya,Baru
NTF-000542,KDMP-00198,2026-07-28,Skor turun 7.0 poin dari bulan sebelumnya,Baru
