skor_id,koperasi_id,periode,skor_transaksi,skor_stok,skor_pelaporan,skor_komposit,kategori,prediksi_risiko_3bln
SKR-KDMP-00001-2026-03,KDMP-00001,2026-03,63.8,62.1,56.2,60.7,Waspada,39.3
SKR-KDMP-00001-2026-04,KDMP-00001,2026-04,29.5,29.8,51.3,36.9,Kritis,66.4
SKR-KDMP-00001-2026-05,KDMP-00001,2026-05,37.1,69.2,73.4,59.9,Waspada,39.7
SKR-KDMP-00001-2026-06,KDMP-00001,2026-06,55.4,26.8,77.3,53.2,Waspada,25.6
SKR-KDMP-00001-2026-07,KDMP-00001,2026-07,43.2,56.1,58.8,52.7,Waspada,56.8
SKR-KDMP-00001-2026-08,KDMP-00001,2026-08,40.2,36.4,59.2,45.3,Waspada,64.1
SKR-KDMP-00002-2026-03,KDMP-00002,2026-03,80.6,99.0,80.0,86.5,Sehat,16.6
SKR-KDMP-00002-2026-04,KDMP-00002,2026-04,83.7,94.9,89.9,89.5,Sehat,13.7
SKR-KDMP-00002-2026-05,KDMP-00002,2026-05,62.0,62.1,88.9,71.0,Sehat,42.5
SKR-KDMP-00002-2026-06,KDMP-00002,2026-06,98.2,86.4,88.3,91.0,Sehat,11.1
SKR-KDMP-00002-2026-07,KDMP-00002,2026-07,91.3,89.4,95.5,92.1,Sehat,4.7
SKR-KDMP-00002-2026-08,KDMP-00002,2026-08,91.9,53.0,99.7,81.5,Sehat,22.5
SKR-KDMP-00003-2026-03,KDMP-00003,2026-03,61.7,64.4,67.6,64.6,Waspada,34.1
SKR-KDMP-00003-2026-04,KDMP-00003,2026-04,71.8,77.8,72.4,74.0,Sehat,24.9
SKR-KDMP-00003-2026-05,KDMP-00003,2026-05,69.7,88.4,87.9,82.0,Sehat,9.1
SKR-KDMP-00003-2026-06,KDMP-00003,2026-06,93.2,52.0,83.1,76.1,Sehat,18.7
SKR-KDMP-00003-2026-07,KDMP-00003,2026-07,64.1,67.2,100.0,77.1,Sehat,23.8
SKR-KDMP-00003-2026-08,KDMP-00003,2026-08,87.0,86.4,100.0,91.1,Sehat,6.1
SKR-KDMP-00004-2026-03,KDMP-00004,2026-03,67.3,31.3,60.8,53.1,Waspada,43.8
SKR-KDMP-00004-2026-04,KDMP-00004,2026-04,51.5,32.8,86.4,56.9,Waspada,37.3
SKR-KDMP-00004-2026-05,KDMP-00004,2026-05,54.4,29.3,74.5,52.7,Waspada,43.8
SKR-KDMP-00004-2026-06,KDMP-00004,2026-06,4.5,13.4,18.1,12.0,Kritis,98.4
SKR-KDMP-00004-2026-07,KDMP-00004,2026-07,12.1,10.9,15.9,13.0,Kritis,97.6
SKR-KDMP-00004-2026-08,KDMP-00004,2026-08,14.6,0.5,31.9,15.7,Kritis,80.5
SKR-KDMP-00005-2026-03,KDMP-00005,2026-03,76.6,98.5,92.1,89.1,Sehat,14.3
SKR-KDMP-00005-2026-04,KDMP-00005,2026-04,84.0,75.3,91.2,83.5,Sehat,16.4
SKR-KDMP-00005-2026-05,KDMP-00005,2026-05,92.3,97.5,90.2,93.3,Sehat,9.7
SKR-KDMP-00005-2026-06,KDMP-00005,2026-06,53.4,20.7,61.1,45.1,Waspada,88.1
SKR-KDMP-00005-2026-07,KDMP-00005,2026-07,35.9,42.9,73.3,50.7,Waspada,86.7
SKR-KDMP-00005-2026-08,KDMP-00005,2026-08,41.4,66.2,60.3,56.0,Waspada,33.3
SKR-KDMP-00006-2026-03,KDMP-00006,2026-03,30.7,41.4,67.1,46.4,Waspada,53.7
SKR-KDMP-00006-2026-04,KDMP-00006,2026-04,65.8,67.2,66.9,66.6,Waspada,31.1
SKR-KDMP-00006-2026-05,KDMP-00006,2026-05,25.8,41.9,55.6,41.1,Waspada,68.5
SKR-KDMP-00006-2026-06,KDMP-00006,2026-06,38.3,33.3,67.6,46.4,Waspada,73.5
SKR-KDMP-00006-2026-07,KDMP-00006,2026-07,17.9,32.6,52.3,34.3,Kritis,75.3
SKR-KDMP-00006-2026-08,KDMP-00006,2026-08,31.3,22.0,31.6,28.3,Kritis,87.3
SKR-KDMP-00007-2026-03,KDMP-00007,2026-03,13.0,35.4,36.3,28.2,Kritis,76.0
SKR-KDMP-00007-2026-04,KDMP-00007,2026-04,36.9,36.6,64.4,46.0,Waspada,52.5
SKR-KDMP-00007-2026-05,KDMP-00007,2026-05,34.8,21.7,67.1,41.2,Waspada,42.7
SKR-KDMP-00007-2026-06,KDMP-00007,2026-06,49.1,34.8,80.1,54.7,Waspada,30.9
SKR-KDMP-00007-2026-07,KDMP-00007,2026-07,53.0,46.0,75.3,58.1,Waspada,22.3
SKR-KDMP-00007-2026-08,KDMP-00007,2026-08,47.6,71.2,94.1,71.0,Sehat,14.0
SKR-KDMP-00008-2026-03,KDMP-00008,2026-03,72.3,86.4,66.3,75.0,Sehat,25.8
SKR-KDMP-00008-2026-04,KDMP-00008,2026-04,60.6,59.1,68.1,62.6,Waspada,36.5
SKR-KDMP-00008-2026-05,KDMP-00008,2026-05,67.9,44.9,88.4,67.1,Waspada,35.0
SKR-KDMP-00008-2026-06,KDMP-00008,2026-06,83.5,64.1,95.5,81.0,Sehat,7.7
SKR-KDMP-00008-2026-07,KDMP-00008,2026-07,97.3,86.4,98.2,94.0,Sehat,3.2
SKR-KDMP-00008-2026-08,KDMP-00008,2026-08,99.9,89.9,100.0,96.6,Sehat,4.8
SKR-KDMP-00009-2026-03,KDMP-00009,2026-03,33.2,29.0,41.5,34.6,Kritis,68.1
SKR-KDMP-00009-2026-04,KDMP-00009,2026-04,34.3,34.8,65.0,44.7,Waspada,54.4
SKR-KDMP-00009-2026-05,KDMP-00009,2026-05,36.1,19.2,62.3,39.2,Kritis,54.9
SKR-KDMP-00009-2026-06,KDMP-00009,2026-06,36.0,40.4,71.5,49.3,Waspada,43.5
SKR-KDMP-00009-2026-07,KDMP-00009,2026-07,67.0,51.3,79.7,66.0,Waspada,10.6
SKR-KDMP-00009-2026-08,KDMP-00009,2026-08,64.8,68.7,77.4,70.3,Sehat,12.6
SKR-KDMP-00010-2026-03,KDMP-00010,2026-03,79.2,78.3,87.8,81.8,Sehat,17.8
SKR-KDMP-00010-2026-04,KDMP-00010,2026-04,84.7,76.8,92.2,84.6,Sehat,15.4
SKR-KDMP-00010-2026-05,KDMP-00010,2026-05,71.5,58.3,81.8,70.5,Sehat,38.1
SKR-KDMP-00010-2026-06,KDMP-00010,2026-06,73.9,94.2,85.6,84.6,Sehat,16.8
SKR-KDMP-00010-2026-07,KDMP-00010,2026-07,81.2,53.0,94.2,76.1,Sehat,16.2
SKR-KDMP-00010-2026-08,KDMP-00010,2026-08,93.2,75.8,97.3,88.8,Sehat,10.3
SKR-KDMP-00011-2026-03,KDMP-00011,2026-03,47.5,70.7,70.1,62.8,Waspada,37.0
SKR-KDMP-00011-2026-04,KDMP-00011,2026-04,46.0,33.3,58.0,45.8,Waspada,54.9
SKR-KDMP-00011-2026-05,KDMP-00011,2026-05,39.5,59.1,76.6,58.4,Waspada,44.5
SKR-KDMP-00011-2026-06,KDMP-00011,2026-06,26.9,17.2,69.3,37.8,Kritis,70.3
SKR-KDMP-00011-2026-07,KDMP-00011,2026-07,32.6,42.4,43.2,39.4,Kritis,81.3
SKR-KDMP-00011-2026-08,KDMP-00011,2026-08,14.4,45.7,41.6,33.9,Kritis,75.0
SKR-KDMP-00012-2026-03,KDMP-00012,2026-03,57.3,84.8,70.6,70.9,Sehat,29.6
SKR-KDMP-00012-2026-04,KDMP-00012,2026-04,82.7,80.8,73.6,79.0,Sehat,20.7
SKR-KDMP-00012-2026-05,KDMP-00012,2026-05,75.5,76.3,86.8,79.5,Sehat,14.0
SKR-KDMP-00012-2026-06,KDMP-00012,2026-06,94.2,79.8,93.0,89.0,Sehat,8.3
SKR-KDMP-00012-2026-07,KDMP-00012,2026-07,89.9,81.8,100.0,90.6,Sehat,7.4
SKR-KDMP-00012-2026-08,KDMP-00012,2026-08,88.8,80.8,100.0,89.9,Sehat,11.8
SKR-KDMP-00013-2026-03,KDMP-00013,2026-03,54.0,48.0,79.6,60.5,Waspada,35.9
SKR-KDMP-00013-2026-04,KDMP-00013,2026-04,49.5,62.1,56.7,56.1,Waspada,45.4
SKR-KDMP-00013-2026-05,KDMP-00013,2026-05,28.0,35.6,74.6,46.1,Waspada,69.0
SKR-KDMP-00013-2026-06,KDMP-00013,2026-06,48.1,38.6,45.0,43.9,Waspada,71.0
SKR-KDMP-00013-2026-07,KDMP-00013,2026-07,18.4,24.7,56.2,33.1,Kritis,80.2
SKR-KDMP-00013-2026-08,KDMP-00013,2026-08,33.8,30.6,33.5,32.6,Kritis,80.6
SKR-KDMP-00014-2026-03,KDMP-00014,2026-03,89.4,89.4,100.0,92.9,Sehat,11.2
SKR-KDMP-00014-2026-04,KDMP-00014,2026-04,89.0,83.3,92.8,88.4,Sehat,13.7
SKR-KDMP-00014-2026-05,KDMP-00014,2026-05,77.3,94.4,83.4,85.0,Sehat,23.1
SKR-KDMP-00014-2026-06,KDMP-00014,2026-06,58.2,65.2,72.1,65.2,Waspada,60.6
SKR-KDMP-00014-2026-07,KDMP-00014,2026-07,63.1,80.3,60.8,68.1,Waspada,51.4
SKR-KDMP-00014-2026-08,KDMP-00014,2026-08,75.8,53.5,50.8,60.0,Waspada,45.6
SKR-KDMP-00015-2026-03,KDMP-00015,2026-03,60.7,45.2,86.9,64.3,Waspada,30.5
SKR-KDMP-00015-2026-04,KDMP-00015,2026-04,56.3,31.8,58.5,48.9,Waspada,50.5
SKR-KDMP-00015-2026-05,KDMP-00015,2026-05,45.3,41.4,54.9,47.2,Waspada,71.9
SKR-KDMP-00015-2026-06,KDMP-00015,2026-06,29.7,48.5,60.9,46.4,Waspada,58.2
SKR-KDMP-00015-2026-07,KDMP-00015,2026-07,35.6,25.8,48.3,36.6,Kritis,75.6
SKR-KDMP-00015-2026-08,KDMP-00015,2026-08,28.2,33.1,38.8,33.4,Kritis,81.3
SKR-KDMP-00016-2026-03,KDMP-00016,2026-03,97.0,100.0,98.8,98.6,Sehat,9.1
SKR-KDMP-00016-2026-04,KDMP-00016,2026-04,75.4,88.9,100.0,88.1,Sehat,14.2
SKR-KDMP-00016-2026-05,KDMP-00016,2026-05,94.1,75.8,94.4,88.1,Sehat,19.7
SKR-KDMP-00016-2026-06,KDMP-00016,2026-06,70.1,50.0,69.4,63.2,Waspada,63.1
SKR-KDMP-00016-2026-07,KDMP-00016,2026-07,62.4,78.8,63.5,68.2,Waspada,54.2
SKR-KDMP-00016-2026-08,KDMP-00016,2026-08,62.8,60.6,60.8,61.4,Waspada,40.3
SKR-KDMP-00017-2026-03,KDMP-00017,2026-03,56.6,62.6,62.5,60.6,Waspada,39.0
SKR-KDMP-00017-2026-04,KDMP-00017,2026-04,68.6,39.4,75.1,61.0,Waspada,34.3
SKR-KDMP-00017-2026-05,KDMP-00017,2026-05,55.4,71.7,89.7,72.3,Sehat,16.1
SKR-KDMP-00017-2026-06,KDMP-00017,2026-06,59.7,94.2,98.0,84.0,Sehat,6.5
SKR-KDMP-00017-2026-07,KDMP-00017,2026-07,99.2,62.6,92.6,84.8,Sehat,8.5
SKR-KDMP-00017-2026-08,KDMP-00017,2026-08,75.3,74.0,96.1,81.8,Sehat,18.7
SKR-KDMP-00018-2026-03,KDMP-00018,2026-03,29.2,63.1,83.4,58.6,Waspada,40.2
SKR-KDMP-00018-2026-04,KDMP-00018,2026-04,35.1,22.7,66.4,41.4,Waspada,58.4
SKR-KDMP-00018-2026-05,KDMP-00018,2026-05,53.9,37.1,59.2,50.1,Waspada,57.9
SKR-KDMP-00018-2026-06,KDMP-00018,2026-06,45.3,47.7,46.3,46.4,Waspada,50.7
SKR-KDMP-00018-2026-07,KDMP-00018,2026-07,33.1,53.8,38.7,41.9,Waspada,71.9
SKR-KDMP-00018-2026-08,KDMP-00018,2026-08,35.4,42.4,37.6,38.5,Kritis,73.7
SKR-KDMP-00019-2026-03,KDMP-00019,2026-03,50.3,70.2,71.3,63.9,Waspada,35.6
SKR-KDMP-00019-2026-04,KDMP-00019,2026-04,52.0,58.6,84.6,65.1,Waspada,31.6
SKR-KDMP-00019-2026-05,KDMP-00019,2026-05,43.1,25.5,54.6,41.1,Waspada,81.4
SKR-KDMP-00019-2026-06,KDMP-00019,2026-06,28.7,29.0,56.6,38.1,Kritis,85.7
SKR-KDMP-00019-2026-07,KDMP-00019,2026-07,31.3,40.7,44.8,38.9,Kritis,66.9
SKR-KDMP-00019-2026-08,KDMP-00019,2026-08,12.4,14.4,39.4,22.1,Kritis,89.2
SKR-KDMP-00020-2026-03,KDMP-00020,2026-03,59.6,79.5,63.3,67.5,Waspada,33.2
SKR-KDMP-00020-2026-04,KDMP-00020,2026-04,60.4,41.4,72.7,58.2,Waspada,38.7
SKR-KDMP-00020-2026-05,KDMP-00020,2026-05,69.4,82.8,80.4,77.5,Sehat,14.6
SKR-KDMP-00020-2026-06,KDMP-00020,2026-06,99.9,97.5,96.5,98.0,Sehat,1.5
SKR-KDMP-00020-2026-07,KDMP-00020,2026-07,95.3,78.3,100.0,91.2,Sehat,6.5
SKR-KDMP-00020-2026-08,KDMP-00020,2026-08,92.7,93.4,98.1,94.7,Sehat,12.0
SKR-KDMP-00021-2026-03,KDMP-00021,2026-03,15.5,0.5,39.5,18.5,Kritis,80.6
SKR-KDMP-00021-2026-04,KDMP-00021,2026-04,27.8,16.7,11.4,18.6,Kritis,83.3
SKR-KDMP-00021-2026-05,KDMP-00021,2026-05,5.1,6.1,31.3,14.2,Kritis,87.2
SKR-KDMP-00021-2026-06,KDMP-00021,2026-06,15.7,21.7,9.0,15.5,Kritis,87.5
SKR-KDMP-00021-2026-07,KDMP-00021,2026-07,3.0,2.0,5.7,3.6,Kritis,94.5
SKR-KDMP-00021-2026-08,KDMP-00021,2026-08,3.8,4.5,22.1,10.1,Kritis,89.8
SKR-KDMP-00022-2026-03,KDMP-00022,2026-03,78.2,52.5,87.3,72.7,Sehat,22.9
SKR-KDMP-00022-2026-04,KDMP-00022,2026-04,90.0,97.0,92.2,93.1,Sehat,11.2
SKR-KDMP-00022-2026-05,KDMP-00022,2026-05,79.8,44.4,83.2,69.1,Waspada,30.2
SKR-KDMP-00022-2026-06,KDMP-00022,2026-06,72.1,80.3,95.3,82.6,Sehat,24.5
SKR-KDMP-00022-2026-07,KDMP-00022,2026-07,77.1,89.9,95.1,87.4,Sehat,6.7
SKR-KDMP-00022-2026-08,KDMP-00022,2026-08,86.5,90.9,89.3,88.9,Sehat,10.7
SKR-KDMP-00023-2026-03,KDMP-00023,2026-03,46.0,35.9,44.4,42.1,Waspada,60.0
SKR-KDMP-00023-2026-04,KDMP-00023,2026-04,16.5,52.8,56.1,41.8,Waspada,62.2
SKR-KDMP-00023-2026-05,KDMP-00023,2026-05,31.6,33.3,74.5,46.5,Waspada,46.3
SKR-KDMP-00023-2026-06,KDMP-00023,2026-06,33.5,18.2,52.6,34.8,Kritis,73.2
SKR-KDMP-00023-2026-07,KDMP-00023,2026-07,57.1,31.3,71.4,53.3,Waspada,34.2
SKR-KDMP-00023-2026-08,KDMP-00023,2026-08,56.9,35.9,89.3,60.7,Waspada,12.8
SKR-KDMP-00024-2026-03,KDMP-00024,2026-03,16.5,32.3,44.0,30.9,Kritis,72.5
SKR-KDMP-00024-2026-04,KDMP-00024,2026-04,29.3,38.4,65.5,44.4,Waspada,55.1
SKR-KDMP-00024-2026-05,KDMP-00024,2026-05,26.5,24.7,53.6,34.9,Kritis,62.8
SKR-KDMP-00024-2026-06,KDMP-00024,2026-06,30.7,46.0,83.0,53.2,Waspada,33.7
SKR-KDMP-00024-2026-07,KDMP-00024,2026-07,70.6,70.7,90.1,77.1,Sehat,3.4
SKR-KDMP-00024-2026-08,KDMP-00024,2026-08,57.2,28.8,69.2,51.7,Waspada,48.0
SKR-KDMP-00025-2026-03,KDMP-00025,2026-03,96.5,81.3,99.3,92.4,Sehat,10.9
SKR-KDMP-00025-2026-04,KDMP-00025,2026-04,77.1,96.0,93.9,89.0,Sehat,14.2
SKR-KDMP-00025-2026-05,KDMP-00025,2026-05,78.0,91.9,84.5,84.8,Sehat,22.7
SKR-KDMP-00025-2026-06,KDMP-00025,2026-06,70.6,87.9,82.5,80.3,Sehat,27.8
SKR-KDMP-00025-2026-07,KDMP-00025,2026-07,86.1,92.9,92.6,90.5,Sehat,10.0
SKR-KDMP-00025-2026-08,KDMP-00025,2026-08,67.8,92.9,94.4,85.0,Sehat,13.9
SKR-KDMP-00026-2026-03,KDMP-00026,2026-03,55.3,60.6,71.8,62.6,Waspada,35.7
SKR-KDMP-00026-2026-04,KDMP-00026,2026-04,53.3,20.7,71.6,48.5,Waspada,48.3
SKR-KDMP-00026-2026-05,KDMP-00026,2026-05,38.3,51.3,75.2,54.9,Waspada,52.1
SKR-KDMP-00026-2026-06,KDMP-00026,2026-06,33.0,23.7,63.2,40.0,Waspada,69.3
SKR-KDMP-00026-2026-07,KDMP-00026,2026-07,20.7,22.7,60.2,34.5,Kritis,83.7
SKR-KDMP-00026-2026-08,KDMP-00026,2026-08,21.5,21.2,49.0,30.6,Kritis,79.3
SKR-KDMP-00027-2026-03,KDMP-00027,2026-03,92.7,80.6,100.0,91.1,Sehat,11.6
SKR-KDMP-00027-2026-04,KDMP-00027,2026-04,97.6,64.9,88.8,83.8,Sehat,15.4
SKR-KDMP-00027-2026-05,KDMP-00027,2026-05,91.8,85.4,88.6,88.6,Sehat,15.0
SKR-KDMP-00027-2026-06,KDMP-00027,2026-06,64.0,85.9,73.4,74.4,Sehat,36.0
SKR-KDMP-00027-2026-07,KDMP-00027,2026-07,77.7,83.3,64.8,75.3,Sehat,38.3
SKR-KDMP-00027-2026-08,KDMP-00027,2026-08,66.5,62.1,62.6,63.7,Waspada,47.9
SKR-KDMP-00028-2026-03,KDMP-00028,2026-03,86.1,85.4,82.1,84.5,Sehat,16.7
SKR-KDMP-00028-2026-04,KDMP-00028,2026-04,96.1,83.8,96.8,92.2,Sehat,11.1
SKR-KDMP-00028-2026-05,KDMP-00028,2026-05,81.8,79.3,90.8,84.0,Sehat,16.8
SKR-KDMP-00028-2026-06,KDMP-00028,2026-06,70.8,81.8,89.0,80.5,Sehat,29.2
SKR-KDMP-00028-2026-07,KDMP-00028,2026-07,56.8,50.0,64.4,57.1,Waspada,72.3
SKR-KDMP-00028-2026-08,KDMP-00028,2026-08,36.1,30.6,74.2,47.0,Waspada,83.3
SKR-KDMP-00029-2026-03,KDMP-00029,2026-03,30.2,46.0,50.5,42.2,Waspada,61.0
SKR-KDMP-00029-2026-04,KDMP-00029,2026-04,49.2,31.3,61.3,47.3,Waspada,51.0
SKR-KDMP-00029-2026-05,KDMP-00029,2026-05,28.3,51.3,61.7,47.1,Waspada,49.1
SKR-KDMP-00029-2026-06,KDMP-00029,2026-06,29.9,47.7,50.9,42.8,Waspada,65.6
SKR-KDMP-00029-2026-07,KDMP-00029,2026-07,40.4,31.3,80.6,50.8,Waspada,40.7
SKR-KDMP-00029-2026-08,KDMP-00029,2026-08,54.2,63.4,52.2,56.6,Waspada,29.8
SKR-KDMP-00030-2026-03,KDMP-00030,2026-03,73.1,37.4,67.4,59.3,Waspada,36.5
SKR-KDMP-00030-2026-04,KDMP-00030,2026-04,58.1,85.9,72.5,72.2,Sehat,27.6
SKR-KDMP-00030-2026-05,KDMP-00030,2026-05,76.0,52.0,79.4,69.1,Waspada,19.0
SKR-KDMP-00030-2026-06,KDMP-00030,2026-06,82.1,95.5,88.7,88.8,Sehat,6.9
SKR-KDMP-00030-2026-07,KDMP-00030,2026-07,99.7,97.5,100.0,99.1,Sehat,2.3
SKR-KDMP-00030-2026-08,KDMP-00030,2026-08,94.7,85.9,95.0,91.9,Sehat,10.4
SKR-KDMP-00031-2026-03,KDMP-00031,2026-03,91.4,68.2,99.0,86.2,Sehat,13.5
SKR-KDMP-00031-2026-04,KDMP-00031,2026-04,100.0,99.5,90.8,96.8,Sehat,9.9
SKR-KDMP-00031-2026-05,KDMP-00031,2026-05,66.2,84.3,82.7,77.7,Sehat,30.7
SKR-KDMP-00031-2026-06,KDMP-00031,2026-06,72.6,73.2,72.5,72.8,Sehat,52.0
SKR-KDMP-00031-2026-07,KDMP-00031,2026-07,63.9,52.0,73.5,63.1,Waspada,50.7
SKR-KDMP-00031-2026-08,KDMP-00031,2026-08,58.5,74.0,53.1,61.9,Waspada,52.4
SKR-KDMP-00032-2026-03,KDMP-00032,2026-03,92.4,77.0,93.9,87.8,Sehat,13.4
SKR-KDMP-00032-2026-04,KDMP-00032,2026-04,90.3,71.2,91.7,84.4,Sehat,15.3
SKR-KDMP-00032-2026-05,KDMP-00032,2026-05,93.1,100.0,94.5,95.9,Sehat,7.2
SKR-KDMP-00032-2026-06,KDMP-00032,2026-06,92.4,77.8,91.5,87.2,Sehat,12.7
SKR-KDMP-00032-2026-07,KDMP-00032,2026-07,84.6,99.0,95.2,92.9,Sehat,13.3
SKR-KDMP-00032-2026-08,KDMP-00032,2026-08,76.5,91.9,92.7,87.0,Sehat,15.5
SKR-KDMP-00033-2026-03,KDMP-00033,2026-03,72.9,58.6,63.3,64.9,Waspada,33.2
SKR-KDMP-00033-2026-04,KDMP-00033,2026-04,61.6,85.4,79.5,75.5,Sehat,24.0
SKR-KDMP-00033-2026-05,KDMP-00033,2026-05,66.7,77.8,84.3,76.3,Sehat,14.6
SKR-KDMP-00033-2026-06,KDMP-00033,2026-06,73.4,100.0,88.3,87.2,Sehat,9.6
SKR-KDMP-00033-2026-07,KDMP-00033,2026-07,88.4,95.7,100.0,94.7,Sehat,4.8
SKR-KDMP-00033-2026-08,KDMP-00033,2026-08,85.2,85.1,100.0,90.1,Sehat,11.2
SKR-KDMP-00034-2026-03,KDMP-00034,2026-03,33.5,29.8,47.4,36.9,Kritis,65.2
SKR-KDMP-00034-2026-04,KDMP-00034,2026-04,17.8,42.4,53.1,37.8,Kritis,65.6
SKR-KDMP-00034-2026-05,KDMP-00034,2026-05,52.4,37.9,74.1,54.8,Waspada,23.0
SKR-KDMP-00034-2026-06,KDMP-00034,2026-06,37.2,47.0,73.4,52.5,Waspada,30.4
SKR-KDMP-00034-2026-07,KDMP-00034,2026-07,55.1,45.5,83.7,61.4,Waspada,27.2
SKR-KDMP-00034-2026-08,KDMP-00034,2026-08,41.7,54.5,94.1,63.4,Waspada,22.4
SKR-KDMP-00035-2026-03,KDMP-00035,2026-03,44.4,38.4,77.1,53.3,Waspada,43.5
SKR-KDMP-00035-2026-04,KDMP-00035,2026-04,49.0,23.2,67.3,46.5,Waspada,51.1
SKR-KDMP-00035-2026-05,KDMP-00035,2026-05,29.0,63.6,77.4,56.7,Waspada,38.7
SKR-KDMP-00035-2026-06,KDMP-00035,2026-06,30.4,30.3,68.0,42.9,Waspada,61.3
SKR-KDMP-00035-2026-07,KDMP-00035,2026-07,30.1,55.6,50.8,45.5,Waspada,70.0
SKR-KDMP-00035-2026-08,KDMP-00035,2026-08,60.5,68.2,63.8,64.2,Waspada,16.3
SKR-KDMP-00036-2026-03,KDMP-00036,2026-03,39.0,42.9,56.9,46.3,Waspada,54.8
SKR-KDMP-00036-2026-04,KDMP-00036,2026-04,39.4,63.6,72.1,58.4,Waspada,40.5
SKR-KDMP-00036-2026-05,KDMP-00036,2026-05,28.5,37.1,72.4,46.0,Waspada,54.3
SKR-KDMP-00036-2026-06,KDMP-00036,2026-06,52.9,27.8,75.2,52.0,Waspada,50.6
SKR-KDMP-00036-2026-07,KDMP-00036,2026-07,52.1,71.2,56.7,60.0,Waspada,26.7
SKR-KDMP-00036-2026-08,KDMP-00036,2026-08,42.7,45.7,59.3,49.2,Waspada,55.3
SKR-KDMP-00037-2026-03,KDMP-00037,2026-03,86.6,75.3,96.3,86.1,Sehat,14.2
SKR-KDMP-00037-2026-04,KDMP-00037,2026-04,86.0,92.4,100.0,92.8,Sehat,11.3
SKR-KDMP-00037-2026-05,KDMP-00037,2026-05,94.1,48.5,81.4,74.7,Sehat,32.0
SKR-KDMP-00037-2026-06,KDMP-00037,2026-06,62.2,74.2,81.9,72.8,Sehat,46.7
SKR-KDMP-00037-2026-07,KDMP-00037,2026-07,60.6,74.7,64.8,66.7,Waspada,42.4
SKR-KDMP-00037-2026-08,KDMP-00037,2026-08,66.0,78.8,58.6,67.8,Waspada,38.3
SKR-KDMP-00038-2026-03,KDMP-00038,2026-03,77.9,97.5,83.3,86.2,Sehat,16.5
SKR-KDMP-00038-2026-04,KDMP-00038,2026-04,93.1,78.3,98.4,89.9,Sehat,12.0
SKR-KDMP-00038-2026-05,KDMP-00038,2026-05,85.2,99.5,98.7,94.5,Sehat,7.7
SKR-KDMP-00038-2026-06,KDMP-00038,2026-06,86.9,92.9,84.5,88.1,Sehat,16.1
SKR-KDMP-00038-2026-07,KDMP-00038,2026-07,74.9,94.9,97.3,89.0,Sehat,17.2
SKR-KDMP-00038-2026-08,KDMP-00038,2026-08,83.5,76.8,80.9,80.4,Sehat,25.7
SKR-KDMP-00039-2026-03,KDMP-00039,2026-03,51.3,63.6,72.0,62.3,Waspada,36.5
SKR-KDMP-00039-2026-04,KDMP-00039,2026-04,29.0,56.3,68.4,51.2,Waspada,50.5
SKR-KDMP-00039-2026-05,KDMP-00039,2026-05,29.3,34.8,72.0,45.4,Waspada,72.0
SKR-KDMP-00039-2026-06,KDMP-00039,2026-06,54.7,29.0,52.1,45.3,Waspada,60.9
SKR-KDMP-00039-2026-07,KDMP-00039,2026-07,49.9,38.9,56.0,48.3,Waspada,48.0
SKR-KDMP-00039-2026-08,KDMP-00039,2026-08,37.0,40.4,66.5,48.0,Waspada,48.4
SKR-KDMP-00040-2026-03,KDMP-00040,2026-03,81.3,61.1,59.6,67.3,Waspada,31.1
SKR-KDMP-00040-2026-04,KDMP-00040,2026-04,56.6,74.2,73.7,68.2,Waspada,30.9
SKR-KDMP-00040-2026-05,KDMP-00040,2026-05,80.1,68.2,84.7,77.7,Sehat,13.3
SKR-KDMP-00040-2026-06,KDMP-00040,2026-06,79.9,77.3,84.6,80.6,Sehat,11.5
SKR-KDMP-00040-2026-07,KDMP-00040,2026-07,99.5,94.4,89.8,94.6,Sehat,5.1
SKR-KDMP-00040-2026-08,KDMP-00040,2026-08,80.9,95.5,99.6,92.0,Sehat,7.5
SKR-KDMP-00041-2026-03,KDMP-00041,2026-03,34.0,43.4,77.6,51.7,Waspada,46.4
SKR-KDMP-00041-2026-04,KDMP-00041,2026-04,42.7,63.1,77.0,60.9,Waspada,37.2
SKR-KDMP-00041-2026-05,KDMP-00041,2026-05,35.4,24.2,54.1,37.9,Kritis,77.2
SKR-KDMP-00041-2026-06,KDMP-00041,2026-06,20.5,58.8,51.8,43.7,Waspada,77.4
SKR-KDMP-00041-2026-07,KDMP-00041,2026-07,51.5,57.1,60.4,56.3,Waspada,24.3
SKR-KDMP-00041-2026-08,KDMP-00041,2026-08,58.0,64.4,72.1,64.8,Waspada,15.7
SKR-KDMP-00042-2026-03,KDMP-00042,2026-03,76.1,94.4,93.6,88.0,Sehat,14.6
SKR-KDMP-00042-2026-04,KDMP-00042,2026-04,89.3,81.8,100.0,90.4,Sehat,11.9
SKR-KDMP-00042-2026-05,KDMP-00042,2026-05,57.4,98.0,77.4,77.6,Sehat,34.7
SKR-KDMP-00042-2026-06,KDMP-00042,2026-06,78.8,69.9,81.4,76.7,Sehat,34.1
SKR-KDMP-00042-2026-07,KDMP-00042,2026-07,78.7,67.7,62.4,69.6,Waspada,37.9
SKR-KDMP-00042-2026-08,KDMP-00042,2026-08,61.7,72.2,52.7,62.2,Waspada,56.3
SKR-KDMP-00043-2026-03,KDMP-00043,2026-03,49.2,31.8,94.0,58.3,Waspada,35.2
SKR-KDMP-00043-2026-04,KDMP-00043,2026-04,66.5,54.5,84.8,68.6,Waspada,26.8
SKR-KDMP-00043-2026-05,KDMP-00043,2026-05,46.3,63.1,61.8,57.1,Waspada,45.7
SKR-KDMP-00043-2026-06,KDMP-00043,2026-06,35.2,33.8,48.4,39.1,Kritis,87.6
SKR-KDMP-00043-2026-07,KDMP-00043,2026-07,16.2,16.2,46.8,26.4,Kritis,92.8
SKR-KDMP-00043-2026-08,KDMP-00043,2026-08,21.0,17.2,45.6,27.9,Kritis,82.4
SKR-KDMP-00044-2026-03,KDMP-00044,2026-03,62.6,86.9,71.4,73.6,Sehat,27.0
SKR-KDMP-00044-2026-04,KDMP-00044,2026-04,58.8,61.1,80.8,66.9,Waspada,30.6
SKR-KDMP-00044-2026-05,KDMP-00044,2026-05,90.5,67.7,74.1,77.4,Sehat,17.8
SKR-KDMP-00044-2026-06,KDMP-00044,2026-06,89.9,67.7,81.7,79.8,Sehat,11.1
SKR-KDMP-00044-2026-07,KDMP-00044,2026-07,78.4,87.4,97.7,87.8,Sehat,9.0
SKR-KDMP-00044-2026-08,KDMP-00044,2026-08,89.8,89.4,100.0,93.1,Sehat,6.2
SKR-KDMP-00045-2026-03,KDMP-00045,2026-03,72.6,67.2,86.7,75.5,Sehat,22.0
SKR-KDMP-00045-2026-04,KDMP-00045,2026-04,79.9,76.0,83.4,79.8,Sehat,19.2
SKR-KDMP-00045-2026-05,KDMP-00045,2026-05,81.6,93.4,95.9,90.3,Sehat,6.8
SKR-KDMP-00045-2026-06,KDMP-00045,2026-06,91.7,69.9,92.6,84.7,Sehat,12.4
SKR-KDMP-00045-2026-07,KDMP-00045,2026-07,92.4,83.8,94.6,90.3,Sehat,12.2
SKR-KDMP-00045-2026-08,KDMP-00045,2026-08,86.0,55.6,92.8,78.1,Sehat,24.0
SKR-KDMP-00046-2026-03,KDMP-00046,2026-03,22.6,61.6,73.3,52.5,Waspada,48.6
SKR-KDMP-00046-2026-04,KDMP-00046,2026-04,54.8,29.3,78.7,54.3,Waspada,40.6
SKR-KDMP-00046-2026-05,KDMP-00046,2026-05,63.6,31.8,50.6,48.7,Waspada,55.1
SKR-KDMP-00046-2026-06,KDMP-00046,2026-06,45.8,19.2,65.1,43.4,Waspada,66.5
SKR-KDMP-00046-2026-07,KDMP-00046,2026-07,69.1,43.9,66.2,59.7,Waspada,25.3
SKR-KDMP-00046-2026-08,KDMP-00046,2026-08,40.4,63.4,64.5,56.1,Waspada,31.2
SKR-KDMP-00047-2026-03,KDMP-00047,2026-03,92.9,59.1,87.4,79.8,Sehat,17.6
SKR-KDMP-00047-2026-04,KDMP-00047,2026-04,90.3,73.7,96.8,86.9,Sehat,13.4
SKR-KDMP-00047-2026-05,KDMP-00047,2026-05,81.7,94.9,96.6,91.1,Sehat,7.8
SKR-KDMP-00047-2026-06,KDMP-00047,2026-06,80.2,99.5,96.9,92.2,Sehat,9.9
SKR-KDMP-00047-2026-07,KDMP-00047,2026-07,79.9,93.9,94.1,89.3,Sehat,14.9
SKR-KDMP-00047-2026-08,KDMP-00047,2026-08,82.4,85.1,96.1,87.9,Sehat,16.5
SKR-KDMP-00048-2026-03,KDMP-00048,2026-03,31.4,3.0,40.0,24.8,Kritis,75.2
SKR-KDMP-00048-2026-04,KDMP-00048,2026-04,4.0,25.8,49.8,26.5,Kritis,75.7
SKR-KDMP-00048-2026-05,KDMP-00048,2026-05,16.3,11.6,47.5,25.1,Kritis,75.4
SKR-KDMP-00048-2026-06,KDMP-00048,2026-06,16.4,18.7,15.5,16.9,Kritis,89.7
SKR-KDMP-00048-2026-07,KDMP-00048,2026-07,10.9,12.1,13.0,12.0,Kritis,92.7
SKR-KDMP-00048-2026-08,KDMP-00048,2026-08,3.8,15.7,17.5,12.3,Kritis,89.3
SKR-KDMP-00049-2026-03,KDMP-00049,2026-03,94.2,93.9,84.2,90.8,Sehat,13.1
SKR-KDMP-00049-2026-04,KDMP-00049,2026-04,79.4,86.9,98.5,88.3,Sehat,13.7
SKR-KDMP-00049-2026-05,KDMP-00049,2026-05,98.4,89.9,94.0,94.1,Sehat,9.3
SKR-KDMP-00049-2026-06,KDMP-00049,2026-06,76.1,84.8,93.6,84.8,Sehat,18.7
SKR-KDMP-00049-2026-07,KDMP-00049,2026-07,82.4,90.9,96.8,90.0,Sehat,15.1
SKR-KDMP-00049-2026-08,KDMP-00049,2026-08,81.3,88.4,96.8,88.8,Sehat,11.6
SKR-KDMP-00050-2026-03,KDMP-00050,2026-03,14.0,15.2,30.3,19.8,Kritis,81.5
SKR-KDMP-00050-2026-04,KDMP-00050,2026-04,15.5,15.2,27.2,19.3,Kritis,82.0
SKR-KDMP-00050-2026-05,KDMP-00050,2026-05,5.1,12.1,23.1,13.4,Kritis,89.4
SKR-KDMP-00050-2026-06,KDMP-00050,2026-06,14.1,5.3,40.6,20.0,Kritis,79.0
SKR-KDMP-00050-2026-07,KDMP-00050,2026-07,13.9,9.1,48.4,23.8,Kritis,66.5
SKR-KDMP-00050-2026-08,KDMP-00050,2026-08,31.8,1.0,52.6,28.5,Kritis,61.3
SKR-KDMP-00051-2026-03,KDMP-00051,2026-03,72.1,42.4,67.7,60.7,Waspada,35.6
SKR-KDMP-00051-2026-04,KDMP-00051,2026-04,64.9,71.7,67.9,68.2,Waspada,30.6
SKR-KDMP-00051-2026-05,KDMP-00051,2026-05,82.6,82.3,87.9,84.3,Sehat,5.9
SKR-KDMP-00051-2026-06,KDMP-00051,2026-06,4.5,0.5,19.3,8.1,Kritis,99.3
SKR-KDMP-00051-2026-07,KDMP-00051,2026-07,27.8,8.6,12.5,16.3,Kritis,99.2
SKR-KDMP-00051-2026-08,KDMP-00051,2026-08,15.7,19.7,58.5,31.3,Kritis,42.8
SKR-KDMP-00052-2026-03,KDMP-00052,2026-03,40.0,52.0,78.6,56.9,Waspada,40.9
SKR-KDMP-00052-2026-04,KDMP-00052,2026-04,31.1,34.3,54.2,39.9,Kritis,62.8
SKR-KDMP-00052-2026-05,KDMP-00052,2026-05,51.4,54.0,73.0,59.5,Waspada,34.4
SKR-KDMP-00052-2026-06,KDMP-00052,2026-06,35.5,24.2,72.5,44.1,Waspada,49.7
SKR-KDMP-00052-2026-07,KDMP-00052,2026-07,39.9,58.1,75.8,57.9,Waspada,41.8
SKR-KDMP-00052-2026-08,KDMP-00052,2026-08,62.0,50.8,71.1,61.3,Waspada,20.0
SKR-KDMP-00053-2026-03,KDMP-00053,2026-03,4.0,25.8,23.6,17.8,Kritis,84.2
SKR-KDMP-00053-2026-04,KDMP-00053,2026-04,24.7,10.6,33.6,23.0,Kritis,77.9
SKR-KDMP-00053-2026-05,KDMP-00053,2026-05,5.1,23.0,15.1,14.4,Kritis,88.5
SKR-KDMP-00053-2026-06,KDMP-00053,2026-06,13.4,14.6,4.4,10.8,Kritis,93.1
SKR-KDMP-00053-2026-07,KDMP-00053,2026-07,13.1,16.9,10.0,13.3,Kritis,87.4
SKR-KDMP-00053-2026-08,KDMP-00053,2026-08,11.6,9.3,16.1,12.3,Kritis,85.9
SKR-KDMP-00054-2026-03,KDMP-00054,2026-03,98.4,98.0,95.2,97.2,Sehat,9.7
SKR-KDMP-00054-2026-04,KDMP-00054,2026-04,92.0,88.4,100.0,93.5,Sehat,10.9
SKR-KDMP-00054-2026-05,KDMP-00054,2026-05,76.5,62.6,90.3,76.5,Sehat,41.2
SKR-KDMP-00054-2026-06,KDMP-00054,2026-06,69.3,60.9,84.0,71.4,Sehat,48.9
SKR-KDMP-00054-2026-07,KDMP-00054,2026-07,74.6,72.2,61.8,69.5,Waspada,37.4
SKR-KDMP-00054-2026-08,KDMP-00054,2026-08,59.3,67.2,54.7,60.4,Waspada,53.8
SKR-KDMP-00055-2026-03,KDMP-00055,2026-03,4.0,10.9,40.1,18.3,Kritis,81.8
SKR-KDMP-00055-2026-04,KDMP-00055,2026-04,13.5,1.3,8.0,7.6,Kritis,89.3
SKR-KDMP-00055-2026-05,KDMP-00055,2026-05,5.1,8.1,41.4,18.2,Kritis,81.2
SKR-KDMP-00055-2026-06,KDMP-00055,2026-06,17.2,7.8,11.6,12.2,Kritis,84.4
SKR-KDMP-00055-2026-07,KDMP-00055,2026-07,16.9,26.8,14.6,19.4,Kritis,82.4
SKR-KDMP-00055-2026-08,KDMP-00055,2026-08,12.9,10.6,35.2,19.6,Kritis,75.1
SKR-KDMP-00056-2026-03,KDMP-00056,2026-03,31.2,23.7,37.3,30.7,Kritis,72.0
SKR-KDMP-00056-2026-04,KDMP-00056,2026-04,18.3,37.4,66.5,40.7,Waspada,59.8
SKR-KDMP-00056-2026-05,KDMP-00056,2026-05,52.1,34.1,48.0,44.7,Waspada,39.8
SKR-KDMP-00056-2026-06,KDMP-00056,2026-06,52.1,68.2,52.6,57.6,Waspada,26.1
SKR-KDMP-00056-2026-07,KDMP-00056,2026-07,68.3,58.6,91.4,72.8,Sehat,7.3
SKR-KDMP-00056-2026-08,KDMP-00056,2026-08,39.1,47.0,83.2,56.4,Waspada,42.9
SKR-KDMP-00057-2026-03,KDMP-00057,2026-03,36.5,38.4,49.3,41.4,Waspada,60.9
SKR-KDMP-00057-2026-04,KDMP-00057,2026-04,28.5,30.3,51.5,36.8,Kritis,65.4
SKR-KDMP-00057-2026-05,KDMP-00057,2026-05,49.6,27.8,68.0,48.5,Waspada,39.8
SKR-KDMP-00057-2026-06,KDMP-00057,2026-06,67.6,65.7,70.6,68.0,Waspada,8.8
SKR-KDMP-00057-2026-07,KDMP-00057,2026-07,46.7,68.7,70.0,61.8,Waspada,25.2
SKR-KDMP-00057-2026-08,KDMP-00057,2026-08,42.9,56.8,76.5,58.7,Waspada,50.4
SKR-KDMP-00058-2026-03,KDMP-00058,2026-03,12.2,14.6,24.7,17.2,Kritis,83.6
SKR-KDMP-00058-2026-04,KDMP-00058,2026-04,4.0,9.1,34.0,15.7,Kritis,83.9
SKR-KDMP-00058-2026-05,KDMP-00058,2026-05,15.8,7.3,12.9,12.0,Kritis,89.4
SKR-KDMP-00058-2026-06,KDMP-00058,2026-06,16.7,15.2,16.7,16.2,Kritis,84.2
SKR-KDMP-00058-2026-07,KDMP-00058,2026-07,3.0,32.6,50.7,28.8,Kritis,56.2
SKR-KDMP-00058-2026-08,KDMP-00058,2026-08,30.1,9.3,14.1,17.8,Kritis,82.5
SKR-KDMP-00059-2026-03,KDMP-00059,2026-03,35.2,40.9,75.7,50.6,Waspada,47.5
SKR-KDMP-00059-2026-04,KDMP-00059,2026-04,17.6,25.3,76.9,39.9,Kritis,59.6
SKR-KDMP-00059-2026-05,KDMP-00059,2026-05,26.8,45.5,68.4,46.9,Waspada,57.4
SKR-KDMP-00059-2026-06,KDMP-00059,2026-06,51.8,55.8,63.3,57.0,Waspada,24.6
SKR-KDMP-00059-2026-07,KDMP-00059,2026-07,42.9,66.7,62.8,57.5,Waspada,32.1
SKR-KDMP-00059-2026-08,KDMP-00059,2026-08,39.5,23.2,53.2,38.6,Kritis,80.0
SKR-KDMP-00060-2026-03,KDMP-00060,2026-03,65.3,28.3,70.6,54.7,Waspada,40.6
SKR-KDMP-00060-2026-04,KDMP-00060,2026-04,30.8,43.4,78.6,50.9,Waspada,47.6
SKR-KDMP-00060-2026-05,KDMP-00060,2026-05,49.9,30.8,60.5,47.1,Waspada,60.4
SKR-KDMP-00060-2026-06,KDMP-00060,2026-06,52.4,32.6,51.5,45.5,Waspada,60.8
SKR-KDMP-00060-2026-07,KDMP-00060,2026-07,18.9,11.6,59.4,30.0,Kritis,84.2
SKR-KDMP-00060-2026-08,KDMP-00060,2026-08,34.6,25.8,38.1,32.8,Kritis,80.6
SKR-KDMP-00061-2026-03,KDMP-00061,2026-03,53.5,54.0,70.4,59.3,Waspada,38.8
SKR-KDMP-00061-2026-04,KDMP-00061,2026-04,60.1,78.8,67.2,68.7,Waspada,30.9
SKR-KDMP-00061-2026-05,KDMP-00061,2026-05,60.2,66.7,78.3,68.4,Waspada,21.5
SKR-KDMP-00061-2026-06,KDMP-00061,2026-06,75.9,98.5,87.2,87.2,Sehat,7.0
SKR-KDMP-00061-2026-07,KDMP-00061,2026-07,93.1,79.3,90.8,87.7,Sehat,6.1
SKR-KDMP-00061-2026-08,KDMP-00061,2026-08,87.2,94.4,100.0,93.9,Sehat,8.2
SKR-KDMP-00062-2026-03,KDMP-00062,2026-03,14.8,16.7,42.0,24.5,Kritis,77.0
SKR-KDMP-00062-2026-04,KDMP-00062,2026-04,15.3,12.1,43.0,23.5,Kritis,77.4
SKR-KDMP-00062-2026-05,KDMP-00062,2026-05,5.1,4.5,18.7,9.4,Kritis,93.9
SKR-KDMP-00062-2026-06,KDMP-00062,2026-06,13.1,1.5,21.8,12.1,Kritis,91.2
SKR-KDMP-00062-2026-07,KDMP-00062,2026-07,12.9,7.6,23.0,14.5,Kritis,81.6
SKR-KDMP-00062-2026-08,KDMP-00062,2026-08,3.8,7.8,20.3,10.6,Kritis,88.3
SKR-KDMP-00063-2026-03,KDMP-00063,2026-03,37.5,27.0,40.0,34.8,Kritis,67.8
SKR-KDMP-00063-2026-04,KDMP-00063,2026-04,32.8,35.9,63.6,44.1,Waspada,55.5
SKR-KDMP-00063-2026-05,KDMP-00063,2026-05,26.3,47.2,48.0,40.5,Waspada,57.3
SKR-KDMP-00063-2026-06,KDMP-00063,2026-06,35.0,43.9,70.2,49.7,Waspada,42.6
SKR-KDMP-00063-2026-07,KDMP-00063,2026-07,54.8,76.3,89.4,73.5,Sehat,6.3
SKR-KDMP-00063-2026-08,KDMP-00063,2026-08,70.5,48.2,62.8,60.5,Waspada,26.9
SKR-KDMP-00064-2026-03,KDMP-00064,2026-03,65.0,91.9,84.0,80.3,Sehat,20.6
SKR-KDMP-00064-2026-04,KDMP-00064,2026-04,86.7,72.7,98.2,85.9,Sehat,13.9
SKR-KDMP-00064-2026-05,KDMP-00064,2026-05,84.0,75.0,80.3,79.8,Sehat,20.0
SKR-KDMP-00064-2026-06,KDMP-00064,2026-06,86.4,80.8,96.7,88.0,Sehat,12.1
SKR-KDMP-00064-2026-07,KDMP-00064,2026-07,62.1,71.7,97.3,77.0,Sehat,23.4
SKR-KDMP-00064-2026-08,KDMP-00064,2026-08,79.4,84.1,89.1,84.2,Sehat,18.8
SKR-KDMP-00065-2026-03,KDMP-00065,2026-03,38.3,65.7,72.5,58.8,Waspada,41.2
SKR-KDMP-00065-2026-04,KDMP-00065,2026-04,64.0,23.7,83.7,57.1,Waspada,36.2
SKR-KDMP-00065-2026-05,KDMP-00065,2026-05,19.6,19.2,72.9,37.2,Kritis,82.1
SKR-KDMP-00065-2026-06,KDMP-00065,2026-06,53.9,54.5,46.7,51.7,Waspada,55.6
SKR-KDMP-00065-2026-07,KDMP-00065,2026-07,17.2,21.7,49.1,29.3,Kritis,80.2
SKR-KDMP-00065-2026-08,KDMP-00065,2026-08,22.0,39.9,32.7,31.5,Kritis,87.5
SKR-KDMP-00066-2026-03,KDMP-00066,2026-03,11.7,10.1,48.8,23.5,Kritis,76.9
SKR-KDMP-00066-2026-04,KDMP-00066,2026-04,23.7,4.8,42.1,23.5,Kritis,76.6
SKR-KDMP-00066-2026-05,KDMP-00066,2026-05,5.1,16.9,32.4,18.1,Kritis,86.3
SKR-KDMP-00066-2026-06,KDMP-00066,2026-06,11.9,10.4,13.2,11.8,Kritis,92.2
SKR-KDMP-00066-2026-07,KDMP-00066,2026-07,3.0,2.5,30.7,12.1,Kritis,88.9
SKR-KDMP-00066-2026-08,KDMP-00066,2026-08,11.9,5.1,25.3,14.1,Kritis,83.4
SKR-KDMP-00067-2026-03,KDMP-00067,2026-03,83.1,48.5,61.5,64.4,Waspada,32.4
SKR-KDMP-00067-2026-04,KDMP-00067,2026-04,66.3,72.2,65.8,68.1,Waspada,31.1
SKR-KDMP-00067-2026-05,KDMP-00067,2026-05,56.7,91.4,85.3,77.8,Sehat,13.3
SKR-KDMP-00067-2026-06,KDMP-00067,2026-06,97.2,89.4,91.3,92.6,Sehat,3.9
SKR-KDMP-00067-2026-07,KDMP-00067,2026-07,86.9,99.5,100.0,95.5,Sehat,4.9
SKR-KDMP-00067-2026-08,KDMP-00067,2026-08,99.4,84.1,100.0,94.5,Sehat,9.3
SKR-KDMP-00068-2026-03,KDMP-00068,2026-03,58.6,87.9,69.7,72.1,Sehat,28.8
SKR-KDMP-00068-2026-04,KDMP-00068,2026-04,78.2,84.3,81.8,81.4,Sehat,18.6
SKR-KDMP-00068-2026-05,KDMP-00068,2026-05,91.0,79.8,78.5,83.1,Sehat,11.2
SKR-KDMP-00068-2026-06,KDMP-00068,2026-06,65.5,62.4,89.0,72.3,Sehat,33.5
SKR-KDMP-00068-2026-07,KDMP-00068,2026-07,94.1,98.0,95.7,95.9,Sehat,5.6
SKR-KDMP-00068-2026-08,KDMP-00068,2026-08,95.7,87.6,98.9,94.1,Sehat,4.1
SKR-KDMP-00069-2026-03,KDMP-00069,2026-03,4.0,5.1,26.8,12.0,Kritis,86.2
SKR-KDMP-00069-2026-04,KDMP-00069,2026-04,4.0,9.6,40.4,18.0,Kritis,81.7
SKR-KDMP-00069-2026-05,KDMP-00069,2026-05,12.5,5.6,40.3,19.5,Kritis,74.1
SKR-KDMP-00069-2026-06,KDMP-00069,2026-06,4.5,12.1,19.1,11.9,Kritis,90.1
SKR-KDMP-00069-2026-07,KDMP-00069,2026-07,15.9,25.8,50.8,30.8,Kritis,58.4
SKR-KDMP-00069-2026-08,KDMP-00069,2026-08,3.8,2.0,31.9,12.6,Kritis,85.6
SKR-KDMP-00070-2026-03,KDMP-00070,2026-03,53.0,50.3,81.1,61.5,Waspada,34.9
SKR-KDMP-00070-2026-04,KDMP-00070,2026-04,55.6,48.0,73.1,58.9,Waspada,38.4
SKR-KDMP-00070-2026-05,KDMP-00070,2026-05,31.8,52.8,75.3,53.3,Waspada,55.8
SKR-KDMP-00070-2026-06,KDMP-00070,2026-06,28.4,17.7,65.0,37.0,Kritis,82.5
SKR-KDMP-00070-2026-07,KDMP-00070,2026-07,35.0,48.0,38.1,40.4,Waspada,76.4
SKR-KDMP-00070-2026-08,KDMP-00070,2026-08,38.6,16.7,31.5,28.9,Kritis,80.5
SKR-KDMP-00071-2026-03,KDMP-00071,2026-03,78.4,83.8,97.8,86.7,Sehat,14.5
SKR-KDMP-00071-2026-04,KDMP-00071,2026-04,64.4,69.7,99.5,77.9,Sehat,20.0
SKR-KDMP-00071-2026-05,KDMP-00071,2026-05,96.3,92.9,92.2,93.8,Sehat,8.0
SKR-KDMP-00071-2026-06,KDMP-00071,2026-06,31.2,22.2,52.1,35.2,Kritis,94.2
SKR-KDMP-00071-2026-07,KDMP-00071,2026-07,38.6,15.2,51.2,35.0,Kritis,96.6
SKR-KDMP-00071-2026-08,KDMP-00071,2026-08,38.9,24.7,38.2,33.9,Kritis,69.9
SKR-KDMP-00072-2026-03,KDMP-00072,2026-03,36.7,34.3,69.5,46.8,Waspada,51.9
SKR-KDMP-00072-2026-04,KDMP-00072,2026-04,63.5,60.1,65.0,62.9,Waspada,34.7
SKR-KDMP-00072-2026-05,KDMP-00072,2026-05,39.4,38.9,54.9,44.4,Waspada,60.7
SKR-KDMP-00072-2026-06,KDMP-00072,2026-06,53.7,57.3,53.1,54.7,Waspada,55.2
SKR-KDMP-00072-2026-07,KDMP-00072,2026-07,42.7,41.9,71.3,52.0,Waspada,37.8
SKR-KDMP-00072-2026-08,KDMP-00072,2026-08,37.4,26.3,59.1,40.9,Waspada,73.7
SKR-KDMP-00073-2026-03,KDMP-00073,2026-03,32.2,54.5,64.7,50.5,Waspada,50.6
SKR-KDMP-00073-2026-04,KDMP-00073,2026-04,50.3,44.4,61.7,52.1,Waspada,47.1
SKR-KDMP-00073-2026-05,KDMP-00073,2026-05,64.1,29.8,71.0,55.0,Waspada,35.3
SKR-KDMP-00073-2026-06,KDMP-00073,2026-06,43.6,57.3,66.4,55.8,Waspada,39.8
SKR-KDMP-00073-2026-07,KDMP-00073,2026-07,39.0,29.8,73.6,47.5,Waspada,59.1
SKR-KDMP-00073-2026-08,KDMP-00073,2026-08,62.2,33.1,73.1,56.1,Waspada,38.6
SKR-KDMP-00074-2026-03,KDMP-00074,2026-03,18.1,27.8,36.1,27.3,Kritis,76.0
SKR-KDMP-00074-2026-04,KDMP-00074,2026-04,13.9,20.2,60.8,31.6,Kritis,68.9
SKR-KDMP-00074-2026-05,KDMP-00074,2026-05,29.8,43.4,70.7,48.0,Waspada,28.2
SKR-KDMP-00074-2026-06,KDMP-00074,2026-06,51.1,25.3,76.7,51.0,Waspada,24.4
SKR-KDMP-00074-2026-07,KDMP-00074,2026-07,58.8,33.8,87.3,60.0,Waspada,22.3
SKR-KDMP-00074-2026-08,KDMP-00074,2026-08,46.0,54.0,87.2,62.4,Waspada,23.2
SKR-KDMP-00075-2026-03,KDMP-00075,2026-03,35.7,18.2,38.4,30.8,Kritis,71.1
SKR-KDMP-00075-2026-04,KDMP-00075,2026-04,25.8,49.7,45.2,40.2,Waspada,63.8
SKR-KDMP-00075-2026-05,KDMP-00075,2026-05,32.1,42.4,51.0,41.8,Waspada,48.3
SKR-KDMP-00075-2026-06,KDMP-00075,2026-06,31.7,42.9,52.0,42.2,Waspada,58.1
SKR-KDMP-00075-2026-07,KDMP-00075,2026-07,50.3,41.4,81.9,57.9,Waspada,21.7
SKR-KDMP-00075-2026-08,KDMP-00075,2026-08,71.2,56.1,83.9,70.4,Sehat,8.3
SKR-KDMP-00076-2026-03,KDMP-00076,2026-03,94.4,66.2,83.3,81.3,Sehat,17.3
SKR-KDMP-00076-2026-04,KDMP-00076,2026-04,79.2,61.6,96.8,79.2,Sehat,18.0
SKR-KDMP-00076-2026-05,KDMP-00076,2026-05,81.1,78.3,98.6,86.0,Sehat,11.8
SKR-KDMP-00076-2026-06,KDMP-00076,2026-06,63.0,85.4,82.0,76.8,Sehat,25.6
SKR-KDMP-00076-2026-07,KDMP-00076,2026-07,88.6,81.3,83.8,84.6,Sehat,16.8
SKR-KDMP-00076-2026-08,KDMP-00076,2026-08,84.5,83.3,87.7,85.2,Sehat,11.3
SKR-KDMP-00077-2026-03,KDMP-00077,2026-03,66.0,40.4,69.7,58.7,Waspada,37.5
SKR-KDMP-00077-2026-04,KDMP-00077,2026-04,76.1,89.4,76.4,80.6,Sehat,19.5
SKR-KDMP-00077-2026-05,KDMP-00077,2026-05,85.0,64.1,80.4,76.5,Sehat,10.6
SKR-KDMP-00077-2026-06,KDMP-00077,2026-06,92.9,83.8,100.0,92.2,Sehat,6.6
SKR-KDMP-00077-2026-07,KDMP-00077,2026-07,80.8,97.0,100.0,92.6,Sehat,6.0
SKR-KDMP-00077-2026-08,KDMP-00077,2026-08,85.4,97.5,95.4,92.8,Sehat,11.6
SKR-KDMP-00078-2026-03,KDMP-00078,2026-03,31.7,39.4,56.4,42.5,Waspada,59.2
SKR-KDMP-00078-2026-04,KDMP-00078,2026-04,25.0,17.9,62.6,35.2,Kritis,64.9
SKR-KDMP-00078-2026-05,KDMP-00078,2026-05,29.5,23.0,55.2,35.9,Kritis,71.5
SKR-KDMP-00078-2026-06,KDMP-00078,2026-06,39.0,24.7,68.9,44.2,Waspada,42.9
SKR-KDMP-00078-2026-07,KDMP-00078,2026-07,44.7,35.4,89.5,56.5,Waspada,18.7
SKR-KDMP-00078-2026-08,KDMP-00078,2026-08,62.5,64.4,66.2,64.4,Waspada,16.8
SKR-KDMP-00079-2026-03,KDMP-00079,2026-03,14.5,17.7,39.1,23.8,Kritis,77.9
SKR-KDMP-00079-2026-04,KDMP-00079,2026-04,4.0,13.1,35.7,17.6,Kritis,83.0
SKR-KDMP-00079-2026-05,KDMP-00079,2026-05,12.8,2.5,26.2,13.8,Kritis,90.0
SKR-KDMP-00079-2026-06,KDMP-00079,2026-06,13.6,10.4,49.5,24.5,Kritis,69.0
SKR-KDMP-00079-2026-07,KDMP-00079,2026-07,12.4,0.5,51.1,21.3,Kritis,71.3
SKR-KDMP-00079-2026-08,KDMP-00079,2026-08,3.8,1.5,15.7,7.0,Kritis,95.0
SKR-KDMP-00080-2026-03,KDMP-00080,2026-03,42.0,45.2,51.8,46.3,Waspada,55.6
SKR-KDMP-00080-2026-04,KDMP-00080,2026-04,53.5,21.7,60.1,45.1,Waspada,52.8
SKR-KDMP-00080-2026-05,KDMP-00080,2026-05,66.9,27.3,77.9,57.4,Waspada,25.0
SKR-KDMP-00080-2026-06,KDMP-00080,2026-06,29.4,44.4,70.1,48.0,Waspada,49.1
SKR-KDMP-00080-2026-07,KDMP-00080,2026-07,52.1,30.3,51.8,44.7,Waspada,69.2
SKR-KDMP-00080-2026-08,KDMP-00080,2026-08,37.6,58.1,59.0,51.6,Waspada,45.6
SKR-KDMP-00081-2026-03,KDMP-00081,2026-03,12.0,6.3,51.3,23.2,Kritis,76.6
SKR-KDMP-00081-2026-04,KDMP-00081,2026-04,13.0,17.9,20.2,17.0,Kritis,84.4
SKR-KDMP-00081-2026-05,KDMP-00081,2026-05,5.1,11.1,8.3,8.2,Kritis,94.5
SKR-KDMP-00081-2026-06,KDMP-00081,2026-06,12.4,8.6,24.8,15.3,Kritis,85.2
SKR-KDMP-00081-2026-07,KDMP-00081,2026-07,17.7,9.6,19.8,15.7,Kritis,79.2
SKR-KDMP-00081-2026-08,KDMP-00081,2026-08,17.4,18.2,29.7,21.8,Kritis,74.6
SKR-KDMP-00082-2026-03,KDMP-00082,2026-03,4.0,14.1,21.9,13.3,Kritis,86.3
SKR-KDMP-00082-2026-04,KDMP-00082,2026-04,4.0,2.5,36.6,14.4,Kritis,84.0
SKR-KDMP-00082-2026-05,KDMP-00082,2026-05,5.1,3.0,24.6,10.9,Kritis,88.1
SKR-KDMP-00082-2026-06,KDMP-00082,2026-06,4.5,9.3,22.0,11.9,Kritis,88.0
SKR-KDMP-00082-2026-07,KDMP-00082,2026-07,11.5,4.0,22.5,12.7,Kritis,84.7
SKR-KDMP-00082-2026-08,KDMP-00082,2026-08,12.1,10.1,8.9,10.4,Kritis,88.8
SKR-KDMP-00083-2026-03,KDMP-00083,2026-03,52.3,65.2,68.6,62.0,Waspada,37.3
SKR-KDMP-00083-2026-04,KDMP-00083,2026-04,33.3,64.1,87.3,61.6,Waspada,36.4
SKR-KDMP-00083-2026-05,KDMP-00083,2026-05,36.6,58.3,53.2,49.4,Waspada,68.0
SKR-KDMP-00083-2026-06,KDMP-00083,2026-06,51.4,32.6,48.2,44.1,Waspada,74.9
SKR-KDMP-00083-2026-07,KDMP-00083,2026-07,34.5,22.2,50.0,35.6,Kritis,78.6
SKR-KDMP-00083-2026-08,KDMP-00083,2026-08,35.6,44.4,39.8,39.9,Kritis,68.4
SKR-KDMP-00084-2026-03,KDMP-00084,2026-03,86.1,90.4,80.5,85.7,Sehat,16.3
SKR-KDMP-00084-2026-04,KDMP-00084,2026-04,72.6,66.2,99.2,79.3,Sehat,18.4
SKR-KDMP-00084-2026-05,KDMP-00084,2026-05,59.7,81.8,88.0,76.5,Sehat,31.1
SKR-KDMP-00084-2026-06,KDMP-00084,2026-06,12.6,13.4,16.2,14.1,Kritis,99.3
SKR-KDMP-00084-2026-07,KDMP-00084,2026-07,14.9,13.6,37.0,21.8,Kritis,97.9
SKR-KDMP-00084-2026-08,KDMP-00084,2026-08,3.8,11.6,10.4,8.6,Kritis,91.6
SKR-KDMP-00085-2026-03,KDMP-00085,2026-03,32.7,57.3,50.9,47.0,Waspada,56.6
SKR-KDMP-00085-2026-04,KDMP-00085,2026-04,51.1,22.2,73.6,49.0,Waspada,46.6
SKR-KDMP-00085-2026-05,KDMP-00085,2026-05,33.7,40.7,78.1,50.8,Waspada,42.6
SKR-KDMP-00085-2026-06,KDMP-00085,2026-06,49.4,27.3,53.2,43.3,Waspada,63.3
SKR-KDMP-00085-2026-07,KDMP-00085,2026-07,44.3,21.2,70.7,45.4,Waspada,57.6
SKR-KDMP-00085-2026-08,KDMP-00085,2026-08,56.7,55.1,66.7,59.5,Waspada,22.5
SKR-KDMP-00086-2026-03,KDMP-00086,2026-03,89.1,82.8,96.9,89.6,Sehat,12.6
SKR-KDMP-00086-2026-04,KDMP-00086,2026-04,89.5,99.0,90.2,92.9,Sehat,12.0
SKR-KDMP-00086-2026-05,KDMP-00086,2026-05,68.3,76.8,96.3,80.5,Sehat,26.1
SKR-KDMP-00086-2026-06,KDMP-00086,2026-06,27.9,43.4,70.8,47.4,Waspada,90.8
SKR-KDMP-00086-2026-07,KDMP-00086,2026-07,35.4,39.9,50.2,41.8,Waspada,90.4
SKR-KDMP-00086-2026-08,KDMP-00086,2026-08,45.7,36.9,62.4,48.3,Waspada,49.4
SKR-KDMP-00087-2026-03,KDMP-00087,2026-03,91.7,99.5,92.8,94.7,Sehat,11.1
SKR-KDMP-00087-2026-04,KDMP-00087,2026-04,95.1,73.2,86.6,85.0,Sehat,15.4
SKR-KDMP-00087-2026-05,KDMP-00087,2026-05,72.0,75.0,79.3,75.4,Sehat,43.3
SKR-KDMP-00087-2026-06,KDMP-00087,2026-06,76.4,78.3,81.2,78.6,Sehat,25.9
SKR-KDMP-00087-2026-07,KDMP-00087,2026-07,74.4,76.8,67.4,72.9,Sehat,29.3
SKR-KDMP-00087-2026-08,KDMP-00087,2026-08,65.0,65.7,57.4,62.7,Waspada,56.0
SKR-KDMP-00088-2026-03,KDMP-00088,2026-03,67.0,72.5,65.7,68.4,Waspada,31.0
SKR-KDMP-00088-2026-04,KDMP-00088,2026-04,56.1,60.6,76.2,64.3,Waspada,33.6
SKR-KDMP-00088-2026-05,KDMP-00088,2026-05,49.4,35.6,68.3,51.1,Waspada,66.8
SKR-KDMP-00088-2026-06,KDMP-00088,2026-06,38.8,51.0,67.0,52.3,Waspada,61.2
SKR-KDMP-00088-2026-07,KDMP-00088,2026-07,14.4,37.9,42.7,31.7,Kritis,87.2
SKR-KDMP-00088-2026-08,KDMP-00088,2026-08,37.0,22.0,32.4,30.5,Kritis,87.7
SKR-KDMP-00089-2026-03,KDMP-00089,2026-03,33.7,19.2,43.6,32.2,Kritis,69.3
SKR-KDMP-00089-2026-04,KDMP-00089,2026-04,50.8,24.2,57.1,44.0,Waspada,54.1
SKR-KDMP-00089-2026-05,KDMP-00089,2026-05,50.6,39.9,69.0,53.2,Waspada,22.8
SKR-KDMP-00089-2026-06,KDMP-00089,2026-06,55.2,37.1,83.5,58.6,Waspada,22.2
SKR-KDMP-00089-2026-07,KDMP-00089,2026-07,58.3,69.2,68.1,65.2,Waspada,22.6
SKR-KDMP-00089-2026-08,KDMP-00089,2026-08,52.7,38.6,58.0,49.8,Waspada,60.5
SKR-KDMP-00090-2026-03,KDMP-00090,2026-03,86.9,88.4,100.0,91.8,Sehat,11.7
SKR-KDMP-00090-2026-04,KDMP-00090,2026-04,79.4,70.7,100.0,83.4,Sehat,15.8
SKR-KDMP-00090-2026-05,KDMP-00090,2026-05,92.8,54.8,78.7,75.4,Sehat,36.9
SKR-KDMP-00090-2026-06,KDMP-00090,2026-06,57.7,72.7,73.8,68.1,Waspada,48.1
SKR-KDMP-00090-2026-07,KDMP-00090,2026-07,47.7,75.8,69.3,64.3,Waspada,48.8
SKR-KDMP-00090-2026-08,KDMP-00090,2026-08,63.8,81.8,55.9,67.2,Waspada,35.1
SKR-KDMP-00091-2026-03,KDMP-00091,2026-03,50.8,43.9,70.7,55.1,Waspada,42.6
SKR-KDMP-00091-2026-04,KDMP-00091,2026-04,48.7,43.9,71.5,54.7,Waspada,43.0
SKR-KDMP-00091-2026-05,KDMP-00091,2026-05,50.4,26.3,66.5,47.7,Waspada,58.6
SKR-KDMP-00091-2026-06,KDMP-00091,2026-06,26.6,51.0,56.6,44.7,Waspada,69.1
SKR-KDMP-00091-2026-07,KDMP-00091,2026-07,32.3,37.1,43.2,37.5,Kritis,75.9
SKR-KDMP-00091-2026-08,KDMP-00091,2026-08,35.1,37.4,38.9,37.1,Kritis,74.0
SKR-KDMP-00092-2026-03,KDMP-00092,2026-03,28.7,59.8,67.2,51.9,Waspada,49.5
SKR-KDMP-00092-2026-04,KDMP-00092,2026-04,31.8,55.6,81.1,56.2,Waspada,42.0
SKR-KDMP-00092-2026-05,KDMP-00092,2026-05,53.4,28.8,52.0,44.7,Waspada,63.8
SKR-KDMP-00092-2026-06,KDMP-00092,2026-06,56.2,55.8,80.4,64.1,Waspada,24.2
SKR-KDMP-00092-2026-07,KDMP-00092,2026-07,52.7,34.3,74.1,53.7,Waspada,33.4
SKR-KDMP-00092-2026-08,KDMP-00092,2026-08,43.9,25.3,81.3,50.2,Waspada,61.3
SKR-KDMP-00093-2026-03,KDMP-00093,2026-03,4.0,3.5,32.4,13.3,Kritis,85.1
SKR-KDMP-00093-2026-04,KDMP-00093,2026-04,4.0,7.1,19.5,10.2,Kritis,87.8
SKR-KDMP-00093-2026-05,KDMP-00093,2026-05,14.0,14.4,9.5,12.6,Kritis,87.4
SKR-KDMP-00093-2026-06,KDMP-00093,2026-06,4.5,9.3,44.4,19.4,Kritis,72.7
SKR-KDMP-00093-2026-07,KDMP-00093,2026-07,3.0,19.7,37.3,20.0,Kritis,75.7
SKR-KDMP-00093-2026-08,KDMP-00093,2026-08,3.8,34.3,37.2,25.1,Kritis,73.7
SKR-KDMP-00094-2026-03,KDMP-00094,2026-03,16.0,9.1,46.3,23.8,Kritis,76.6
SKR-KDMP-00094-2026-04,KDMP-00094,2026-04,26.0,2.0,34.0,20.7,Kritis,79.3
SKR-KDMP-00094-2026-05,KDMP-00094,2026-05,14.5,16.2,7.5,12.7,Kritis,92.1
SKR-KDMP-00094-2026-06,KDMP-00094,2026-06,43.1,35.6,57.4,45.4,Waspada,26.1
SKR-KDMP-00094-2026-07,KDMP-00094,2026-07,36.6,53.8,75.7,55.4,Waspada,9.3
SKR-KDMP-00094-2026-08,KDMP-00094,2026-08,39.5,35.4,61.4,45.4,Waspada,55.1
SKR-KDMP-00095-2026-03,KDMP-00095,2026-03,58.8,77.8,61.8,66.1,Waspada,34.7
SKR-KDMP-00095-2026-04,KDMP-00095,2026-04,42.7,41.9,81.6,55.4,Waspada,41.8
SKR-KDMP-00095-2026-05,KDMP-00095,2026-05,74.2,49.5,88.5,70.7,Sehat,20.0
SKR-KDMP-00095-2026-06,KDMP-00095,2026-06,97.7,88.4,100.0,95.4,Sehat,1.6
SKR-KDMP-00095-2026-07,KDMP-00095,2026-07,76.6,65.2,100.0,80.6,Sehat,11.9
SKR-KDMP-00095-2026-08,KDMP-00095,2026-08,97.1,77.8,100.0,91.6,Sehat,12.7
SKR-KDMP-00096-2026-03,KDMP-00096,2026-03,13.5,1.3,35.9,16.9,Kritis,82.1
SKR-KDMP-00096-2026-04,KDMP-00096,2026-04,11.7,15.9,6.7,11.4,Kritis,88.2
SKR-KDMP-00096-2026-05,KDMP-00096,2026-05,15.3,10.4,45.1,23.6,Kritis,70.4
SKR-KDMP-00096-2026-06,KDMP-00096,2026-06,16.2,6.6,20.4,14.4,Kritis,83.5
SKR-KDMP-00096-2026-07,KDMP-00096,2026-07,3.0,6.6,45.5,18.4,Kritis,84.3
SKR-KDMP-00096-2026-08,KDMP-00096,2026-08,3.8,7.1,41.5,17.5,Kritis,79.8
SKR-KDMP-00097-2026-03,KDMP-00097,2026-03,37.0,51.5,61.4,50.0,Waspada,51.0
SKR-KDMP-00097-2026-04,KDMP-00097,2026-04,60.1,42.9,61.7,54.9,Waspada,42.9
SKR-KDMP-00097-2026-05,KDMP-00097,2026-05,44.4,20.2,69.2,44.6,Waspada,59.3
SKR-KDMP-00097-2026-06,KDMP-00097,2026-06,27.7,63.6,71.2,54.2,Waspada,47.0
SKR-KDMP-00097-2026-07,KDMP-00097,2026-07,32.8,48.5,53.3,44.9,Waspada,58.0
SKR-KDMP-00097-2026-08,KDMP-00097,2026-08,43.2,50.8,80.8,58.3,Waspada,33.7
SKR-KDMP-00098-2026-03,KDMP-00098,2026-03,77.1,68.7,100.0,81.9,Sehat,16.4
SKR-KDMP-00098-2026-04,KDMP-00098,2026-04,81.4,93.4,97.7,90.8,Sehat,12.4
SKR-KDMP-00098-2026-05,KDMP-00098,2026-05,97.1,90.4,83.2,90.2,Sehat,9.5
SKR-KDMP-00098-2026-06,KDMP-00098,2026-06,85.1,89.9,83.7,86.2,Sehat,19.1
SKR-KDMP-00098-2026-07,KDMP-00098,2026-07,67.2,56.6,68.7,64.2,Waspada,63.9
SKR-KDMP-00098-2026-08,KDMP-00098,2026-08,49.4,65.2,53.3,56.0,Waspada,77.9
SKR-KDMP-00099-2026-03,KDMP-00099,2026-03,27.1,38.4,52.9,39.5,Kritis,63.0
SKR-KDMP-00099-2026-04,KDMP-00099,2026-04,36.1,50.5,52.2,46.3,Waspada,55.9
SKR-KDMP-00099-2026-05,KDMP-00099,2026-05,15.0,61.6,70.1,48.9,Waspada,42.5
SKR-KDMP-00099-2026-06,KDMP-00099,2026-06,54.2,60.1,67.2,60.5,Waspada,23.9
SKR-KDMP-00099-2026-07,KDMP-00099,2026-07,54.3,60.6,63.9,59.6,Waspada,28.8
SKR-KDMP-00099-2026-08,KDMP-00099,2026-08,61.5,50.0,50.8,54.1,Waspada,54.0
SKR-KDMP-00100-2026-03,KDMP-00100,2026-03,13.8,8.6,34.4,18.9,Kritis,81.4
SKR-KDMP-00100-2026-04,KDMP-00100,2026-04,12.5,11.4,15.3,13.1,Kritis,86.6
SKR-KDMP-00100-2026-05,KDMP-00100,2026-05,16.5,6.6,41.2,21.4,Kritis,76.4
SKR-KDMP-00100-2026-06,KDMP-00100,2026-06,28.2,16.7,23.7,22.9,Kritis,70.8
SKR-KDMP-00100-2026-07,KDMP-00100,2026-07,11.9,20.7,23.8,18.8,Kritis,84.8
SKR-KDMP-00100-2026-08,KDMP-00100,2026-08,3.8,22.7,25.0,17.2,Kritis,87.5
SKR-KDMP-00101-2026-03,KDMP-00101,2026-03,14.3,11.9,40.9,22.4,Kritis,78.4
SKR-KDMP-00101-2026-04,KDMP-00101,2026-04,4.0,15.9,18.8,12.9,Kritis,87.0
SKR-KDMP-00101-2026-05,KDMP-00101,2026-05,15.5,9.6,10.0,11.7,Kritis,91.9
SKR-KDMP-00101-2026-06,KDMP-00101,2026-06,59.0,45.5,75.5,60.0,Waspada,5.4
SKR-KDMP-00101-2026-07,KDMP-00101,2026-07,60.1,74.2,59.4,64.6,Waspada,4.6
SKR-KDMP-00101-2026-08,KDMP-00101,2026-08,44.4,58.6,61.7,54.9,Waspada,52.3
SKR-KDMP-00102-2026-03,KDMP-00102,2026-03,33.0,34.8,47.8,38.5,Kritis,64.0
SKR-KDMP-00102-2026-04,KDMP-00102,2026-04,45.7,44.9,51.6,47.4,Waspada,53.5
SKR-KDMP-00102-2026-05,KDMP-00102,2026-05,25.0,56.8,48.1,43.3,Waspada,56.3
SKR-KDMP-00102-2026-06,KDMP-00102,2026-06,26.1,55.1,80.1,53.8,Waspada,37.5
SKR-KDMP-00102-2026-07,KDMP-00102,2026-07,68.6,36.4,64.2,56.4,Waspada,26.6
SKR-KDMP-00102-2026-08,KDMP-00102,2026-08,63.0,42.9,88.3,64.7,Waspada,20.0
SKR-KDMP-00103-2026-03,KDMP-00103,2026-03,75.4,64.4,87.7,75.8,Sehat,21.4
SKR-KDMP-00103-2026-04,KDMP-00103,2026-04,92.3,100.0,94.1,95.5,Sehat,10.2
SKR-KDMP-00103-2026-05,KDMP-00103,2026-05,59.0,93.9,96.3,83.1,Sehat,13.9
SKR-KDMP-00103-2026-06,KDMP-00103,2026-06,92.7,90.4,93.9,92.3,Sehat,13.1
SKR-KDMP-00103-2026-07,KDMP-00103,2026-07,76.9,70.2,85.8,77.6,Sehat,25.8
SKR-KDMP-00103-2026-08,KDMP-00103,2026-08,77.3,78.3,91.8,82.5,Sehat,24.3
SKR-KDMP-00104-2026-03,KDMP-00104,2026-03,4.0,10.9,21.7,12.2,Kritis,86.7
SKR-KDMP-00104-2026-04,KDMP-00104,2026-04,12.2,13.6,29.7,18.5,Kritis,82.1
SKR-KDMP-00104-2026-05,KDMP-00104,2026-05,5.1,0.8,46.6,17.5,Kritis,77.2
SKR-KDMP-00104-2026-06,KDMP-00104,2026-06,4.5,15.7,44.0,21.4,Kritis,77.1
SKR-KDMP-00104-2026-07,KDMP-00104,2026-07,29.5,17.9,56.2,34.5,Kritis,45.8
SKR-KDMP-00104-2026-08,KDMP-00104,2026-08,20.2,2.5,58.1,26.9,Kritis,67.1
SKR-KDMP-00105-2026-03,KDMP-00105,2026-03,65.5,49.5,78.7,64.6,Waspada,31.3
SKR-KDMP-00105-2026-04,KDMP-00105,2026-04,55.8,33.8,66.7,52.1,Waspada,45.9
SKR-KDMP-00105-2026-05,KDMP-00105,2026-05,30.8,17.9,51.6,33.4,Kritis,90.2
SKR-KDMP-00105-2026-06,KDMP-00105,2026-06,44.6,53.0,53.8,50.5,Waspada,51.9
SKR-KDMP-00105-2026-07,KDMP-00105,2026-07,31.6,14.1,47.9,31.2,Kritis,72.7
SKR-KDMP-00105-2026-08,KDMP-00105,2026-08,15.4,23.7,46.5,28.5,Kritis,88.7
SKR-KDMP-00106-2026-03,KDMP-00106,2026-03,87.9,96.5,88.3,90.9,Sehat,13.1
SKR-KDMP-00106-2026-04,KDMP-00106,2026-04,80.7,74.7,80.0,78.5,Sehat,21.0
SKR-KDMP-00106-2026-05,KDMP-00106,2026-05,92.0,70.7,94.9,85.9,Sehat,16.8
SKR-KDMP-00106-2026-06,KDMP-00106,2026-06,80.9,70.7,85.6,79.1,Sehat,19.2
SKR-KDMP-00106-2026-07,KDMP-00106,2026-07,75.6,50.5,82.7,69.6,Waspada,43.2
SKR-KDMP-00106-2026-08,KDMP-00106,2026-08,84.2,98.0,82.7,88.3,Sehat,10.0
SKR-KDMP-00107-2026-03,KDMP-00107,2026-03,83.6,71.2,61.5,72.1,Sehat,27.1
SKR-KDMP-00107-2026-04,KDMP-00107,2026-04,88.8,62.6,74.5,75.3,Sehat,22.1
SKR-KDMP-00107-2026-05,KDMP-00107,2026-05,91.3,74.2,90.2,85.2,Sehat,8.5
SKR-KDMP-00107-2026-06,KDMP-00107,2026-06,80.6,67.2,96.4,81.4,Sehat,13.3
SKR-KDMP-00107-2026-07,KDMP-00107,2026-07,96.6,92.4,100.0,96.3,Sehat,5.8
SKR-KDMP-00107-2026-08,KDMP-00107,2026-08,95.5,100.0,100.0,98.5,Sehat,4.3
SKR-KDMP-00108-2026-03,KDMP-00108,2026-03,73.9,95.5,94.8,88.1,Sehat,14.6
SKR-KDMP-00108-2026-04,KDMP-00108,2026-04,83.5,94.4,89.5,89.1,Sehat,14.0
SKR-KDMP-00108-2026-05,KDMP-00108,2026-05,79.0,73.7,92.3,81.7,Sehat,22.3
SKR-KDMP-00108-2026-06,KDMP-00108,2026-06,79.7,74.7,83.0,79.1,Sehat,28.4
SKR-KDMP-00108-2026-07,KDMP-00108,2026-07,94.3,91.7,85.5,90.5,Sehat,8.9
SKR-KDMP-00108-2026-08,KDMP-00108,2026-08,84.0,79.5,82.4,82.0,Sehat,16.4
SKR-KDMP-00109-2026-03,KDMP-00109,2026-03,15.3,23.7,7.2,15.4,Kritis,86.2
SKR-KDMP-00109-2026-04,KDMP-00109,2026-04,4.0,1.3,16.0,7.1,Kritis,89.3
SKR-KDMP-00109-2026-05,KDMP-00109,2026-05,13.5,12.6,7.6,11.2,Kritis,89.7
SKR-KDMP-00109-2026-06,KDMP-00109,2026-06,4.5,4.5,38.3,15.8,Kritis,76.5
SKR-KDMP-00109-2026-07,KDMP-00109,2026-07,10.6,5.6,18.8,11.7,Kritis,86.5
SKR-KDMP-00109-2026-08,KDMP-00109,2026-08,3.8,5.8,7.3,5.6,Kritis,93.8
SKR-KDMP-00110-2026-03,KDMP-00110,2026-03,4.0,7.8,31.1,14.3,Kritis,84.8
SKR-KDMP-00110-2026-04,KDMP-00110,2026-04,4.0,5.8,25.3,11.7,Kritis,86.6
SKR-KDMP-00110-2026-05,KDMP-00110,2026-05,14.8,1.5,25.8,14.0,Kritis,84.8
SKR-KDMP-00110-2026-06,KDMP-00110,2026-06,15.2,21.2,23.3,19.9,Kritis,75.7
SKR-KDMP-00110-2026-07,KDMP-00110,2026-07,15.2,20.2,35.5,23.6,Kritis,69.9
SKR-KDMP-00110-2026-08,KDMP-00110,2026-08,19.4,17.7,45.5,27.5,Kritis,66.5
SKR-KDMP-00111-2026-03,KDMP-00111,2026-03,16.3,39.9,56.6,37.6,Kritis,65.3
SKR-KDMP-00111-2026-04,KDMP-00111,2026-04,41.2,35.4,50.3,42.3,Waspada,58.9
SKR-KDMP-00111-2026-05,KDMP-00111,2026-05,32.6,56.1,64.8,51.2,Waspada,34.2
SKR-KDMP-00111-2026-06,KDMP-00111,2026-06,16.9,6.1,38.0,20.3,Kritis,92.2
SKR-KDMP-00111-2026-07,KDMP-00111,2026-07,14.1,33.3,50.4,32.6,Kritis,84.5
SKR-KDMP-00111-2026-08,KDMP-00111,2026-08,18.9,32.3,49.6,33.6,Kritis,54.8
SKR-KDMP-00112-2026-03,KDMP-00112,2026-03,55.1,69.7,79.9,68.2,Waspada,30.0
SKR-KDMP-00112-2026-04,KDMP-00112,2026-04,52.3,45.5,60.9,52.9,Waspada,47.3
SKR-KDMP-00112-2026-05,KDMP-00112,2026-05,50.9,49.0,57.9,52.6,Waspada,65.1
SKR-KDMP-00112-2026-06,KDMP-00112,2026-06,13.9,25.8,62.7,34.1,Kritis,83.6
SKR-KDMP-00112-2026-07,KDMP-00112,2026-07,70.3,80.8,64.3,71.8,Sehat,12.9
SKR-KDMP-00112-2026-08,KDMP-00112,2026-08,65.5,70.7,60.9,65.7,Waspada,10.9
SKR-KDMP-00113-2026-03,KDMP-00113,2026-03,11.5,17.2,41.6,23.4,Kritis,78.1
SKR-KDMP-00113-2026-04,KDMP-00113,2026-04,4.0,3.0,46.1,17.7,Kritis,81.5
SKR-KDMP-00113-2026-05,KDMP-00113,2026-05,5.1,23.7,27.6,18.8,Kritis,85.9
SKR-KDMP-00113-2026-06,KDMP-00113,2026-06,4.5,4.0,30.1,12.9,Kritis,88.1
SKR-KDMP-00113-2026-07,KDMP-00113,2026-07,11.1,16.9,15.7,14.6,Kritis,88.0
SKR-KDMP-00113-2026-08,KDMP-00113,2026-08,15.2,8.6,19.1,14.3,Kritis,84.5
SKR-KDMP-00114-2026-03,KDMP-00114,2026-03,96.0,92.9,100.0,96.3,Sehat,9.7
SKR-KDMP-00114-2026-04,KDMP-00114,2026-04,80.2,68.4,91.0,79.9,Sehat,18.9
SKR-KDMP-00114-2026-05,KDMP-00114,2026-05,97.6,87.9,82.1,89.2,Sehat,17.8
SKR-KDMP-00114-2026-06,KDMP-00114,2026-06,48.4,28.3,52.7,43.1,Waspada,89.2
SKR-KDMP-00114-2026-07,KDMP-00114,2026-07,34.5,23.2,43.9,33.9,Kritis,96.6
SKR-KDMP-00114-2026-08,KDMP-00114,2026-08,29.3,40.9,34.5,34.9,Kritis,77.2
SKR-KDMP-00115-2026-03,KDMP-00115,2026-03,70.1,87.4,59.2,72.2,Sehat,29.3
SKR-KDMP-00115-2026-04,KDMP-00115,2026-04,59.3,65.7,73.1,66.0,Waspada,32.7
SKR-KDMP-00115-2026-05,KDMP-00115,2026-05,63.8,64.6,82.2,70.2,Sehat,28.7
SKR-KDMP-00115-2026-06,KDMP-00115,2026-06,65.8,22.7,58.0,48.8,Waspada,68.6
SKR-KDMP-00115-2026-07,KDMP-00115,2026-07,54.5,34.8,87.4,58.9,Waspada,47.3
SKR-KDMP-00115-2026-08,KDMP-00115,2026-08,58.7,49.0,68.2,58.6,Waspada,29.0
SKR-KDMP-00116-2026-03,KDMP-00116,2026-03,68.3,76.3,86.4,77.0,Sehat,21.7
SKR-KDMP-00116-2026-04,KDMP-00116,2026-04,70.8,95.5,88.8,85.0,Sehat,16.7
SKR-KDMP-00116-2026-05,KDMP-00116,2026-05,78.8,92.4,88.5,86.6,Sehat,10.5
SKR-KDMP-00116-2026-06,KDMP-00116,2026-06,77.7,60.9,83.9,74.2,Sehat,33.2
SKR-KDMP-00116-2026-07,KDMP-00116,2026-07,78.9,87.9,96.1,87.6,Sehat,13.3
SKR-KDMP-00116-2026-08,KDMP-00116,2026-08,93.7,75.3,81.0,83.3,Sehat,11.8
SKR-KDMP-00117-2026-03,KDMP-00117,2026-03,17.0,5.6,39.0,20.5,Kritis,79.5
SKR-KDMP-00117-2026-04,KDMP-00117,2026-04,11.1,10.1,27.6,16.3,Kritis,83.9
SKR-KDMP-00117-2026-05,KDMP-00117,2026-05,5.1,15.7,9.0,9.9,Kritis,92.9
SKR-KDMP-00117-2026-06,KDMP-00117,2026-06,4.5,2.8,32.4,13.2,Kritis,86.7
SKR-KDMP-00117-2026-07,KDMP-00117,2026-07,3.0,17.9,9.3,10.1,Kritis,88.7
SKR-KDMP-00117-2026-08,KDMP-00117,2026-08,16.8,13.6,16.8,15.7,Kritis,83.1
SKR-KDMP-00118-2026-03,KDMP-00118,2026-03,77.7,83.3,100.0,87.0,Sehat,14.2
SKR-KDMP-00118-2026-04,KDMP-00118,2026-04,97.9,98.5,89.3,95.2,Sehat,10.7
SKR-KDMP-00118-2026-05,KDMP-00118,2026-05,65.7,80.8,94.9,80.5,Sehat,24.5
SKR-KDMP-00118-2026-06,KDMP-00118,2026-06,59.5,38.6,76.3,58.1,Waspada,78.1
SKR-KDMP-00118-2026-07,KDMP-00118,2026-07,60.9,84.8,60.3,68.7,Waspada,45.0
SKR-KDMP-00118-2026-08,KDMP-00118,2026-08,74.2,57.6,51.6,61.1,Waspada,35.7
SKR-KDMP-00119-2026-03,KDMP-00119,2026-03,53.3,41.9,67.3,54.2,Waspada,43.6
SKR-KDMP-00119-2026-04,KDMP-00119,2026-04,57.1,46.5,70.8,58.1,Waspada,38.9
SKR-KDMP-00119-2026-05,KDMP-00119,2026-05,77.8,61.1,76.0,71.6,Sehat,12.9
SKR-KDMP-00119-2026-06,KDMP-00119,2026-06,88.1,75.8,98.7,87.5,Sehat,3.6
SKR-KDMP-00119-2026-07,KDMP-00119,2026-07,55.3,49.0,79.0,61.1,Waspada,48.8
SKR-KDMP-00119-2026-08,KDMP-00119,2026-08,37.9,61.1,62.8,53.9,Waspada,81.4
SKR-KDMP-00120-2026-03,KDMP-00120,2026-03,12.5,7.1,31.4,17.0,Kritis,82.8
SKR-KDMP-00120-2026-04,KDMP-00120,2026-04,4.0,8.3,13.5,8.6,Kritis,89.0
SKR-KDMP-00120-2026-05,KDMP-00120,2026-05,5.1,7.3,20.7,11.0,Kritis,89.9
SKR-KDMP-00120-2026-06,KDMP-00120,2026-06,15.4,3.5,13.7,10.9,Kritis,85.9
SKR-KDMP-00120-2026-07,KDMP-00120,2026-07,25.8,14.6,6.2,15.5,Kritis,82.5
SKR-KDMP-00120-2026-08,KDMP-00120,2026-08,3.8,31.8,8.6,14.7,Kritis,85.1
SKR-KDMP-00121-2026-03,KDMP-00121,2026-03,88.1,78.8,81.1,82.7,Sehat,17.5
SKR-KDMP-00121-2026-04,KDMP-00121,2026-04,88.3,97.5,88.6,91.5,Sehat,12.6
SKR-KDMP-00121-2026-05,KDMP-00121,2026-05,97.3,78.8,99.5,91.9,Sehat,7.5
SKR-KDMP-00121-2026-06,KDMP-00121,2026-06,86.1,64.6,98.2,83.0,Sehat,21.6
SKR-KDMP-00121-2026-07,KDMP-00121,2026-07,76.1,85.4,93.5,85.0,Sehat,20.6
SKR-KDMP-00121-2026-08,KDMP-00121,2026-08,77.8,81.3,83.4,80.8,Sehat,20.9
SKR-KDMP-00122-2026-03,KDMP-00122,2026-03,55.6,77.0,61.0,64.5,Waspada,36.6
SKR-KDMP-00122-2026-04,KDMP-00122,2026-04,55.3,47.0,54.4,52.2,Waspada,48.8
SKR-KDMP-00122-2026-05,KDMP-00122,2026-05,35.1,19.2,62.8,39.0,Kritis,83.5
SKR-KDMP-00122-2026-06,KDMP-00122,2026-06,75.4,91.2,73.4,80.0,Sehat,6.3
SKR-KDMP-00122-2026-07,KDMP-00122,2026-07,71.8,84.3,63.9,73.3,Sehat,7.3
SKR-KDMP-00122-2026-08,KDMP-00122,2026-08,67.0,82.8,57.5,69.1,Waspada,44.3
SKR-KDMP-00123-2026-03,KDMP-00123,2026-03,34.2,36.9,61.0,44.0,Waspada,56.6
SKR-KDMP-00123-2026-04,KDMP-00123,2026-04,41.4,24.7,68.0,44.7,Waspada,53.2
SKR-KDMP-00123-2026-05,KDMP-00123,2026-05,51.1,30.3,54.3,45.2,Waspada,53.0
SKR-KDMP-00123-2026-06,KDMP-00123,2026-06,31.4,49.5,46.3,42.4,Waspada,64.2
SKR-KDMP-00123-2026-07,KDMP-00123,2026-07,38.1,46.5,57.2,47.3,Waspada,51.3
SKR-KDMP-00123-2026-08,KDMP-00123,2026-08,36.4,14.4,32.3,27.7,Kritis,85.7
SKR-KDMP-00124-2026-03,KDMP-00124,2026-03,39.8,22.2,66.0,42.7,Waspada,55.5
SKR-KDMP-00124-2026-04,KDMP-00124,2026-04,54.3,30.8,58.0,47.7,Waspada,50.6
SKR-KDMP-00124-2026-05,KDMP-00124,2026-05,16.8,43.9,49.4,36.7,Kritis,73.7
SKR-KDMP-00124-2026-06,KDMP-00124,2026-06,28.9,35.6,46.3,36.9,Kritis,76.3
SKR-KDMP-00124-2026-07,KDMP-00124,2026-07,36.1,15.7,39.3,30.4,Kritis,77.0
SKR-KDMP-00124-2026-08,KDMP-00124,2026-08,34.8,45.7,46.8,42.4,Waspada,54.0
SKR-KDMP-00125-2026-03,KDMP-00125,2026-03,66.3,90.9,82.3,79.8,Sehat,21.0
SKR-KDMP-00125-2026-04,KDMP-00125,2026-04,81.2,70.2,85.1,78.8,Sehat,19.6
SKR-KDMP-00125-2026-05,KDMP-00125,2026-05,91.5,99.0,84.2,91.6,Sehat,7.7
SKR-KDMP-00125-2026-06,KDMP-00125,2026-06,92.2,91.2,82.0,88.5,Sehat,9.8
SKR-KDMP-00125-2026-07,KDMP-00125,2026-07,16.7,7.1,35.2,19.7,Kritis,99.3
SKR-KDMP-00125-2026-08,KDMP-00125,2026-08,17.7,27.8,13.5,19.7,Kritis,99.2
SKR-KDMP-00126-2026-03,KDMP-00126,2026-03,34.5,32.8,58.0,41.8,Waspada,58.9
SKR-KDMP-00126-2026-04,KDMP-00126,2026-04,30.6,46.0,61.9,46.2,Waspada,54.8
SKR-KDMP-00126-2026-05,KDMP-00126,2026-05,37.6,25.5,53.2,38.8,Kritis,65.5
SKR-KDMP-00126-2026-06,KDMP-00126,2026-06,66.5,29.8,59.3,51.9,Waspada,38.0
SKR-KDMP-00126-2026-07,KDMP-00126,2026-07,68.8,29.3,80.3,59.5,Waspada,16.3
SKR-KDMP-00126-2026-08,KDMP-00126,2026-08,60.2,51.5,62.1,57.9,Waspada,34.4
SKR-KDMP-00127-2026-03,KDMP-00127,2026-03,12.8,7.8,9.9,10.2,Kritis,88.0
SKR-KDMP-00127-2026-04,KDMP-00127,2026-04,14.5,5.8,15.6,12.0,Kritis,86.6
SKR-KDMP-00127-2026-05,KDMP-00127,2026-05,5.1,3.5,31.0,13.2,Kritis,83.3
SKR-KDMP-00127-2026-06,KDMP-00127,2026-06,15.9,1.0,43.1,20.0,Kritis,72.2
SKR-KDMP-00127-2026-07,KDMP-00127,2026-07,15.7,5.1,19.5,13.4,Kritis,85.7
SKR-KDMP-00127-2026-08,KDMP-00127,2026-08,29.8,15.7,29.0,24.8,Kritis,72.6
SKR-KDMP-00128-2026-03,KDMP-00128,2026-03,30.4,47.5,67.3,48.4,Waspada,52.1
SKR-KDMP-00128-2026-04,KDMP-00128,2026-04,59.0,59.6,78.5,65.7,Waspada,30.5
SKR-KDMP-00128-2026-05,KDMP-00128,2026-05,27.0,26.8,77.2,43.7,Waspada,60.9
SKR-KDMP-00128-2026-06,KDMP-00128,2026-06,30.2,37.9,54.4,40.8,Waspada,83.5
SKR-KDMP-00128-2026-07,KDMP-00128,2026-07,31.8,47.2,52.1,43.7,Waspada,59.0
SKR-KDMP-00128-2026-08,KDMP-00128,2026-08,23.0,43.7,44.1,36.9,Kritis,71.7
SKR-KDMP-00129-2026-03,KDMP-00129,2026-03,59.8,71.7,61.6,64.4,Waspada,35.8
SKR-KDMP-00129-2026-04,KDMP-00129,2026-04,74.6,57.1,74.6,68.8,Waspada,27.7
SKR-KDMP-00129-2026-05,KDMP-00129,2026-05,68.7,73.2,76.9,72.9,Sehat,18.8
SKR-KDMP-00129-2026-06,KDMP-00129,2026-06,86.6,56.6,98.5,80.6,Sehat,9.9
SKR-KDMP-00129-2026-07,KDMP-00129,2026-07,89.6,79.8,98.7,89.4,Sehat,6.1
SKR-KDMP-00129-2026-08,KDMP-00129,2026-08,80.8,96.5,99.7,92.3,Sehat,7.3
SKR-KDMP-00130-2026-03,KDMP-00130,2026-03,35.0,13.6,59.0,35.9,Kritis,63.2
SKR-KDMP-00130-2026-04,KDMP-00130,2026-04,32.6,14.1,50.7,32.5,Kritis,68.1
SKR-KDMP-00130-2026-05,KDMP-00130,2026-05,27.8,28.3,62.6,39.6,Kritis,56.0
SKR-KDMP-00130-2026-06,KDMP-00130,2026-06,39.3,39.4,59.7,46.1,Waspada,38.4
SKR-KDMP-00130-2026-07,KDMP-00130,2026-07,52.7,28.3,90.4,57.1,Waspada,19.8
SKR-KDMP-00130-2026-08,KDMP-00130,2026-08,73.7,69.7,86.5,76.6,Sehat,5.9
SKR-KDMP-00131-2026-03,KDMP-00131,2026-03,50.5,21.5,51.9,41.3,Waspada,58.2
SKR-KDMP-00131-2026-04,KDMP-00131,2026-04,28.8,56.3,63.3,49.5,Waspada,51.8
SKR-KDMP-00131-2026-05,KDMP-00131,2026-05,47.6,32.8,58.5,46.3,Waspada,47.5
SKR-KDMP-00131-2026-06,KDMP-00131,2026-06,32.4,49.0,57.0,46.1,Waspada,59.9
SKR-KDMP-00131-2026-07,KDMP-00131,2026-07,35.0,64.6,77.2,58.9,Waspada,26.9
SKR-KDMP-00131-2026-08,KDMP-00131,2026-08,55.4,67.7,55.1,59.4,Waspada,28.0
SKR-KDMP-00132-2026-03,KDMP-00132,2026-03,63.0,21.5,74.9,53.1,Waspada,41.3
SKR-KDMP-00132-2026-04,KDMP-00132,2026-04,31.3,49.7,79.6,53.5,Waspada,44.9
SKR-KDMP-00132-2026-05,KDMP-00132,2026-05,30.6,36.4,63.9,43.6,Waspada,67.7
SKR-KDMP-00132-2026-06,KDMP-00132,2026-06,34.2,39.9,71.3,48.5,Waspada,55.9
SKR-KDMP-00132-2026-07,KDMP-00132,2026-07,39.6,52.5,56.7,49.6,Waspada,45.1
SKR-KDMP-00132-2026-08,KDMP-00132,2026-08,44.2,60.1,72.4,58.9,Waspada,28.8
SKR-KDMP-00133-2026-03,KDMP-00133,2026-03,62.4,49.0,59.4,56.9,Waspada,41.8
SKR-KDMP-00133-2026-04,KDMP-00133,2026-04,81.9,87.9,74.6,81.5,Sehat,18.6
SKR-KDMP-00133-2026-05,KDMP-00133,2026-05,78.3,97.0,87.4,87.6,Sehat,4.1
SKR-KDMP-00133-2026-06,KDMP-00133,2026-06,76.6,76.3,87.5,80.1,Sehat,20.4
SKR-KDMP-00133-2026-07,KDMP-00133,2026-07,97.1,100.0,100.0,99.0,Sehat,5.2
SKR-KDMP-00133-2026-08,KDMP-00133,2026-08,96.3,98.5,95.5,96.8,Sehat,4.9
SKR-KDMP-00134-2026-03,KDMP-00134,2026-03,71.3,82.1,86.8,80.1,Sehat,19.6
SKR-KDMP-00134-2026-04,KDMP-00134,2026-04,70.1,91.4,83.1,81.5,Sehat,19.5
SKR-KDMP-00134-2026-05,KDMP-00134,2026-05,80.8,96.5,97.3,91.5,Sehat,7.6
SKR-KDMP-00134-2026-06,KDMP-00134,2026-06,83.7,81.3,99.0,88.0,Sehat,10.4
SKR-KDMP-00134-2026-07,KDMP-00134,2026-07,91.4,72.7,98.6,87.6,Sehat,15.2
SKR-KDMP-00134-2026-08,KDMP-00134,2026-08,83.1,73.2,85.4,80.6,Sehat,24.4
SKR-KDMP-00135-2026-03,KDMP-00135,2026-03,85.9,97.0,88.2,90.4,Sehat,13.5
SKR-KDMP-00135-2026-04,KDMP-00135,2026-04,85.5,82.6,90.0,86.0,Sehat,15.3
SKR-KDMP-00135-2026-05,KDMP-00135,2026-05,67.2,68.7,84.9,73.6,Sehat,41.6
SKR-KDMP-00135-2026-06,KDMP-00135,2026-06,61.5,96.0,80.5,79.3,Sehat,27.6
SKR-KDMP-00135-2026-07,KDMP-00135,2026-07,11.5,1.5,23.5,12.2,Kritis,99.2
SKR-KDMP-00135-2026-08,KDMP-00135,2026-08,3.8,6.6,11.9,7.4,Kritis,99.6
SKR-KDMP-00136-2026-03,KDMP-00136,2026-03,4.0,2.0,19.5,8.5,Kritis,88.3
SKR-KDMP-00136-2026-04,KDMP-00136,2026-04,11.1,6.6,27.8,15.2,Kritis,83.9
SKR-KDMP-00136-2026-05,KDMP-00136,2026-05,5.1,17.9,38.6,20.5,Kritis,70.4
SKR-KDMP-00136-2026-06,KDMP-00136,2026-06,4.5,7.1,25.0,12.2,Kritis,88.1
SKR-KDMP-00136-2026-07,KDMP-00136,2026-07,3.0,8.1,50.9,20.7,Kritis,78.5
SKR-KDMP-00136-2026-08,KDMP-00136,2026-08,34.1,3.0,10.3,15.8,Kritis,82.0
SKR-KDMP-00137-2026-03,KDMP-00137,2026-03,66.8,33.6,90.5,63.6,Waspada,29.6
SKR-KDMP-00137-2026-04,KDMP-00137,2026-04,46.5,51.5,76.0,58.0,Waspada,40.0
SKR-KDMP-00137-2026-05,KDMP-00137,2026-05,73.2,47.2,78.5,66.3,Waspada,26.2
SKR-KDMP-00137-2026-06,KDMP-00137,2026-06,61.2,83.3,68.4,71.0,Sehat,18.4
SKR-KDMP-00137-2026-07,KDMP-00137,2026-07,72.9,61.6,66.2,66.9,Waspada,30.8
SKR-KDMP-00137-2026-08,KDMP-00137,2026-08,52.3,80.3,51.1,61.2,Waspada,53.5
SKR-KDMP-00138-2026-03,KDMP-00138,2026-03,68.2,74.2,95.5,79.3,Sehat,19.1
SKR-KDMP-00138-2026-04,KDMP-00138,2026-04,78.7,92.9,98.9,90.2,Sehat,12.6
SKR-KDMP-00138-2026-05,KDMP-00138,2026-05,72.5,89.4,90.7,84.2,Sehat,14.2
SKR-KDMP-00138-2026-06,KDMP-00138,2026-06,99.6,97.0,96.3,97.6,Sehat,6.7
SKR-KDMP-00138-2026-07,KDMP-00138,2026-07,65.9,88.4,98.1,84.1,Sehat,17.2
SKR-KDMP-00138-2026-08,KDMP-00138,2026-08,68.1,82.3,91.1,80.5,Sehat,34.5
SKR-KDMP-00139-2026-03,KDMP-00139,2026-03,74.6,88.9,87.7,83.7,Sehat,17.4
SKR-KDMP-00139-2026-04,KDMP-00139,2026-04,96.6,69.2,91.5,85.8,Sehat,14.0
SKR-KDMP-00139-2026-05,KDMP-00139,2026-05,98.6,86.9,82.6,89.4,Sehat,10.6
SKR-KDMP-00139-2026-06,KDMP-00139,2026-06,77.9,73.7,99.6,83.7,Sehat,17.1
SKR-KDMP-00139-2026-07,KDMP-00139,2026-07,88.1,88.9,95.7,90.9,Sehat,11.4
SKR-KDMP-00139-2026-08,KDMP-00139,2026-08,94.4,97.0,95.4,95.6,Sehat,6.2
SKR-KDMP-00140-2026-03,KDMP-00140,2026-03,28.2,29.0,45.1,34.1,Kritis,68.5
SKR-KDMP-00140-2026-04,KDMP-00140,2026-04,29.8,17.2,57.9,35.0,Kritis,64.9
SKR-KDMP-00140-2026-05,KDMP-00140,2026-05,34.3,46.5,68.0,49.6,Waspada,32.2
SKR-KDMP-00140-2026-06,KDMP-00140,2026-06,74.9,84.3,89.5,82.9,Sehat,2.1
SKR-KDMP-00140-2026-07,KDMP-00140,2026-07,93.2,96.5,97.3,95.7,Sehat,1.3
SKR-KDMP-00140-2026-08,KDMP-00140,2026-08,98.1,61.6,96.7,85.5,Sehat,12.5
SKR-KDMP-00141-2026-03,KDMP-00141,2026-03,4.0,6.3,23.8,11.4,Kritis,86.8
SKR-KDMP-00141-2026-04,KDMP-00141,2026-04,4.0,12.6,9.4,8.7,Kritis,89.2
SKR-KDMP-00141-2026-05,KDMP-00141,2026-05,82.7,72.2,89.4,81.4,Sehat,0.7
SKR-KDMP-00141-2026-06,KDMP-00141,2026-06,90.4,82.8,94.5,89.2,Sehat,0.3
SKR-KDMP-00141-2026-07,KDMP-00141,2026-07,80.6,82.8,89.9,84.4,Sehat,14.6
SKR-KDMP-00141-2026-08,KDMP-00141,2026-08,92.0,79.5,100.0,90.5,Sehat,11.0
SKR-KDMP-00142-2026-03,KDMP-00142,2026-03,4.0,4.0,20.7,9.6,Kritis,87.7
SKR-KDMP-00142-2026-04,KDMP-00142,2026-04,14.3,3.8,42.4,20.2,Kritis,78.9
SKR-KDMP-00142-2026-05,KDMP-00142,2026-05,16.0,13.6,12.4,14.0,Kritis,83.7
SKR-KDMP-00142-2026-06,KDMP-00142,2026-06,81.4,71.7,95.9,83.0,Sehat,0.9
SKR-KDMP-00142-2026-07,KDMP-00142,2026-07,90.9,98.5,100.0,96.5,Sehat,0.2
SKR-KDMP-00142-2026-08,KDMP-00142,2026-08,98.9,99.0,100.0,99.3,Sehat,4.3
SKR-KDMP-00143-2026-03,KDMP-00143,2026-03,37.2,51.0,63.1,50.4,Waspada,50.4
SKR-KDMP-00143-2026-04,KDMP-00143,2026-04,53.0,40.4,63.2,52.2,Waspada,46.1
SKR-KDMP-00143-2026-05,KDMP-00143,2026-05,48.6,65.2,57.2,57.0,Waspada,36.8
SKR-KDMP-00143-2026-06,KDMP-00143,2026-06,30.9,19.7,57.1,35.9,Kritis,80.2
SKR-KDMP-00143-2026-07,KDMP-00143,2026-07,56.3,63.6,51.1,57.0,Waspada,43.2
SKR-KDMP-00143-2026-08,KDMP-00143,2026-08,39.9,24.2,53.4,39.2,Kritis,58.6
SKR-KDMP-00144-2026-03,KDMP-00144,2026-03,51.0,69.2,75.1,65.1,Waspada,33.8
SKR-KDMP-00144-2026-04,KDMP-00144,2026-04,45.2,26.8,50.9,41.0,Waspada,61.0
SKR-KDMP-00144-2026-05,KDMP-00144,2026-05,54.2,60.6,74.8,63.2,Waspada,35.4
SKR-KDMP-00144-2026-06,KDMP-00144,2026-06,36.2,30.8,68.2,45.1,Waspada,50.1
SKR-KDMP-00144-2026-07,KDMP-00144,2026-07,57.3,60.1,73.4,63.6,Waspada,32.8
SKR-KDMP-00144-2026-08,KDMP-00144,2026-08,52.9,31.3,74.4,52.9,Waspada,35.2
SKR-KDMP-00145-2026-03,KDMP-00145,2026-03,50.0,16.2,40.5,35.6,Kritis,65.2
SKR-KDMP-00145-2026-04,KDMP-00145,2026-04,27.3,27.5,48.1,34.3,Kritis,68.0
SKR-KDMP-00145-2026-05,KDMP-00145,2026-05,51.9,50.3,52.3,51.5,Waspada,31.0
SKR-KDMP-00145-2026-06,KDMP-00145,2026-06,56.7,58.8,78.2,64.6,Waspada,10.3
SKR-KDMP-00145-2026-07,KDMP-00145,2026-07,48.5,51.3,90.3,63.4,Waspada,21.5
SKR-KDMP-00145-2026-08,KDMP-00145,2026-08,32.6,34.8,77.1,48.2,Waspada,68.6
SKR-KDMP-00146-2026-03,KDMP-00146,2026-03,69.8,92.4,85.6,82.6,Sehat,18.7
SKR-KDMP-00146-2026-04,KDMP-00146,2026-04,57.8,90.7,90.9,79.8,Sehat,20.7
SKR-KDMP-00146-2026-05,KDMP-00146,2026-05,77.4,70.2,81.8,76.5,Sehat,27.0
SKR-KDMP-00146-2026-06,KDMP-00146,2026-06,85.9,91.9,99.1,92.3,Sehat,6.6
SKR-KDMP-00146-2026-07,KDMP-00146,2026-07,88.9,61.1,89.9,80.0,Sehat,15.7
SKR-KDMP-00146-2026-08,KDMP-00146,2026-08,83.2,87.6,80.8,83.9,Sehat,23.5
SKR-KDMP-00147-2026-03,KDMP-00147,2026-03,4.0,9.6,54.9,22.8,Kritis,77.2
SKR-KDMP-00147-2026-04,KDMP-00147,2026-04,4.0,21.2,10.6,11.9,Kritis,88.3
SKR-KDMP-00147-2026-05,KDMP-00147,2026-05,5.1,0.8,48.8,18.2,Kritis,83.4
SKR-KDMP-00147-2026-06,KDMP-00147,2026-06,27.4,40.9,60.3,42.9,Waspada,24.0
SKR-KDMP-00147-2026-07,KDMP-00147,2026-07,34.1,35.9,52.7,40.9,Waspada,35.4
SKR-KDMP-00147-2026-08,KDMP-00147,2026-08,38.4,15.7,47.1,33.7,Kritis,76.0
SKR-KDMP-00148-2026-03,KDMP-00148,2026-03,73.6,91.4,100.0,88.3,Sehat,14.0
SKR-KDMP-00148-2026-04,KDMP-00148,2026-04,88.0,87.4,100.0,91.8,Sehat,11.5
SKR-KDMP-00148-2026-05,KDMP-00148,2026-05,98.1,87.4,79.7,88.4,Sehat,14.3
SKR-KDMP-00148-2026-06,KDMP-00148,2026-06,74.6,93.4,82.1,83.4,Sehat,25.1
SKR-KDMP-00148-2026-07,KDMP-00148,2026-07,72.6,64.1,71.8,69.5,Waspada,49.6
SKR-KDMP-00148-2026-08,KDMP-00148,2026-08,64.5,56.8,55.5,58.9,Waspada,68.8
SKR-KDMP-00149-2026-03,KDMP-00149,2026-03,96.7,73.2,100.0,90.0,Sehat,11.7
SKR-KDMP-00149-2026-04,KDMP-00149,2026-04,69.8,84.8,100.0,84.9,Sehat,15.8
SKR-KDMP-00149-2026-05,KDMP-00149,2026-05,58.0,69.7,77.6,68.4,Waspada,54.8
SKR-KDMP-00149-2026-06,KDMP-00149,2026-06,89.6,78.8,70.5,79.6,Sehat,24.2
SKR-KDMP-00149-2026-07,KDMP-00149,2026-07,85.9,75.3,63.0,74.7,Sehat,20.1
SKR-KDMP-00149-2026-08,KDMP-00149,2026-08,72.7,77.3,54.2,68.1,Waspada,45.8
SKR-KDMP-00150-2026-03,KDMP-00150,2026-03,15.8,22.7,56.5,31.7,Kritis,69.6
SKR-KDMP-00150-2026-04,KDMP-00150,2026-04,32.3,37.9,46.5,38.9,Kritis,63.6
SKR-KDMP-00150-2026-05,KDMP-00150,2026-05,25.3,38.4,48.2,37.3,Kritis,60.0
SKR-KDMP-00150-2026-06,KDMP-00150,2026-06,67.3,37.1,73.7,59.4,Waspada,17.0
SKR-KDMP-00150-2026-07,KDMP-00150,2026-07,51.0,55.1,91.3,65.8,Waspada,10.1
SKR-KDMP-00150-2026-08,KDMP-00150,2026-08,59.7,45.7,75.4,60.3,Waspada,35.4
SKR-KDMP-00151-2026-03,KDMP-00151,2026-03,61.1,96.0,82.0,79.7,Sehat,21.7
SKR-KDMP-00151-2026-04,KDMP-00151,2026-04,62.6,93.9,87.6,81.4,Sehat,19.6
SKR-KDMP-00151-2026-05,KDMP-00151,2026-05,89.5,81.3,86.5,85.8,Sehat,11.8
SKR-KDMP-00151-2026-06,KDMP-00151,2026-06,97.5,79.3,82.0,86.3,Sehat,12.2
SKR-KDMP-00151-2026-07,KDMP-00151,2026-07,75.9,95.7,95.8,89.1,Sehat,12.1
SKR-KDMP-00151-2026-08,KDMP-00151,2026-08,95.2,59.1,84.1,79.5,Sehat,23.5
SKR-KDMP-00152-2026-03,KDMP-00152,2026-03,18.6,15.7,48.1,27.5,Kritis,73.6
SKR-KDMP-00152-2026-04,KDMP-00152,2026-04,12.8,19.2,34.7,22.2,Kritis,79.9
SKR-KDMP-00152-2026-05,KDMP-00152,2026-05,5.1,15.2,46.6,22.3,Kritis,82.4
SKR-KDMP-00152-2026-06,KDMP-00152,2026-06,12.9,16.2,44.1,24.4,Kritis,75.0
SKR-KDMP-00152-2026-07,KDMP-00152,2026-07,3.0,3.0,35.2,13.7,Kritis,89.4
SKR-KDMP-00152-2026-08,KDMP-00152,2026-08,13.9,11.1,7.9,11.0,Kritis,93.1
SKR-KDMP-00153-2026-03,KDMP-00153,2026-03,13.3,26.3,35.8,25.1,Kritis,77.9
SKR-KDMP-00153-2026-04,KDMP-00153,2026-04,15.8,3.8,19.9,13.2,Kritis,86.0
SKR-KDMP-00153-2026-05,KDMP-00153,2026-05,14.3,14.4,10.8,13.2,Kritis,91.9
SKR-KDMP-00153-2026-06,KDMP-00153,2026-06,12.1,5.3,22.6,13.3,Kritis,85.5
SKR-KDMP-00153-2026-07,KDMP-00153,2026-07,13.6,3.5,14.7,10.6,Kritis,88.7
SKR-KDMP-00153-2026-08,KDMP-00153,2026-08,13.6,18.9,30.8,21.1,Kritis,74.0
SKR-KDMP-00154-2026-03,KDMP-00154,2026-03,30.9,19.7,53.8,34.8,Kritis,65.8
SKR-KDMP-00154-2026-04,KDMP-00154,2026-04,28.3,54.0,46.6,43.0,Waspada,60.9
SKR-KDMP-00154-2026-05,KDMP-00154,2026-05,44.8,53.5,60.0,52.8,Waspada,27.9
SKR-KDMP-00154-2026-06,KDMP-00154,2026-06,55.9,31.3,63.0,50.1,Waspada,39.6
SKR-KDMP-00154-2026-07,KDMP-00154,2026-07,42.4,24.2,66.6,44.4,Waspada,63.4
SKR-KDMP-00154-2026-08,KDMP-00154,2026-08,42.2,71.7,64.4,59.4,Waspada,31.0
SKR-KDMP-00155-2026-03,KDMP-00155,2026-03,35.5,30.8,57.6,41.3,Waspada,59.3
SKR-KDMP-00155-2026-04,KDMP-00155,2026-04,32.1,52.0,51.2,45.1,Waspada,58.0
SKR-KDMP-00155-2026-05,KDMP-00155,2026-05,13.8,4.0,19.2,12.3,Kritis,96.3
SKR-KDMP-00155-2026-06,KDMP-00155,2026-06,4.5,20.2,35.9,20.2,Kritis,93.1
SKR-KDMP-00155-2026-07,KDMP-00155,2026-07,32.1,23.7,10.7,22.2,Kritis,73.1
SKR-KDMP-00155-2026-08,KDMP-00155,2026-08,13.1,12.1,51.9,25.7,Kritis,69.5
SKR-KDMP-00156-2026-03,KDMP-00156,2026-03,96.6,73.7,97.7,89.3,Sehat,12.2
SKR-KDMP-00156-2026-04,KDMP-00156,2026-04,89.3,77.3,88.1,84.9,Sehat,15.6
SKR-KDMP-00156-2026-05,KDMP-00156,2026-05,79.5,83.8,93.6,85.6,Sehat,17.7
SKR-KDMP-00156-2026-06,KDMP-00156,2026-06,76.9,76.8,80.1,77.9,Sehat,27.6
SKR-KDMP-00156-2026-07,KDMP-00156,2026-07,61.9,77.3,72.8,70.7,Sehat,45.0
SKR-KDMP-00156-2026-08,KDMP-00156,2026-08,51.5,74.7,54.6,60.3,Waspada,62.6
SKR-KDMP-00157-2026-03,KDMP-00157,2026-03,29.4,25.3,49.8,34.8,Kritis,66.9
SKR-KDMP-00157-2026-04,KDMP-00157,2026-04,51.8,39.9,66.3,52.7,Waspada,44.1
SKR-KDMP-00157-2026-05,KDMP-00157,2026-05,30.3,32.3,57.4,40.0,Waspada,56.1
SKR-KDMP-00157-2026-06,KDMP-00157,2026-06,36.5,63.1,68.9,56.2,Waspada,39.3
SKR-KDMP-00157-2026-07,KDMP-00157,2026-07,33.8,44.4,68.1,48.8,Waspada,41.4
SKR-KDMP-00157-2026-08,KDMP-00157,2026-08,67.7,62.6,64.0,64.8,Waspada,24.8
SKR-KDMP-00158-2026-03,KDMP-00158,2026-03,4.0,11.9,28.6,14.8,Kritis,84.9
SKR-KDMP-00158-2026-04,KDMP-00158,2026-04,11.5,14.6,4.2,10.1,Kritis,88.8
SKR-KDMP-00158-2026-05,KDMP-00158,2026-05,5.1,16.9,16.8,12.9,Kritis,87.8
SKR-KDMP-00158-2026-06,KDMP-00158,2026-06,4.5,11.4,49.9,21.9,Kritis,67.3
SKR-KDMP-00158-2026-07,KDMP-00158,2026-07,13.4,25.8,36.3,25.2,Kritis,66.1
SKR-KDMP-00158-2026-08,KDMP-00158,2026-08,14.9,26.8,43.8,28.5,Kritis,67.8
SKR-KDMP-00159-2026-03,KDMP-00159,2026-03,74.4,58.1,65.1,65.9,Waspada,31.9
SKR-KDMP-00159-2026-04,KDMP-00159,2026-04,67.3,91.9,72.6,77.3,Sehat,23.3
SKR-KDMP-00159-2026-05,KDMP-00159,2026-05,70.2,72.7,78.8,73.9,Sehat,18.5
SKR-KDMP-00159-2026-06,KDMP-00159,2026-06,91.9,98.0,100.0,96.6,Sehat,4.1
SKR-KDMP-00159-2026-07,KDMP-00159,2026-07,94.8,93.4,94.5,94.2,Sehat,4.6
SKR-KDMP-00159-2026-08,KDMP-00159,2026-08,88.3,99.5,92.7,93.5,Sehat,13.3
SKR-KDMP-00160-2026-03,KDMP-00160,2026-03,16.8,27.0,49.6,31.1,Kritis,71.3
SKR-KDMP-00160-2026-04,KDMP-00160,2026-04,13.9,27.5,52.4,31.3,Kritis,70.9
SKR-KDMP-00160-2026-05,KDMP-00160,2026-05,46.6,31.3,73.6,50.5,Waspada,25.0
SKR-KDMP-00160-2026-06,KDMP-00160,2026-06,26.4,52.5,57.8,45.6,Waspada,41.1
SKR-KDMP-00160-2026-07,KDMP-00160,2026-07,58.1,39.4,83.9,60.5,Waspada,24.0
SKR-KDMP-00160-2026-08,KDMP-00160,2026-08,60.0,29.3,90.1,59.8,Waspada,20.5
SKR-KDMP-00161-2026-03,KDMP-00161,2026-03,54.3,56.3,64.3,58.3,Waspada,40.9
SKR-KDMP-00161-2026-04,KDMP-00161,2026-04,25.5,49.0,64.6,46.4,Waspada,55.9
SKR-KDMP-00161-2026-05,KDMP-00161,2026-05,33.3,54.8,62.9,50.3,Waspada,60.0
SKR-KDMP-00161-2026-06,KDMP-00161,2026-06,52.7,36.4,63.0,50.7,Waspada,42.6
SKR-KDMP-00161-2026-07,KDMP-00161,2026-07,36.4,28.8,58.3,41.2,Waspada,69.2
SKR-KDMP-00161-2026-08,KDMP-00161,2026-08,43.4,48.2,65.2,52.3,Waspada,44.7
SKR-KDMP-00162-2026-03,KDMP-00162,2026-03,42.3,44.4,52.7,46.5,Waspada,55.1
SKR-KDMP-00162-2026-04,KDMP-00162,2026-04,35.6,36.6,53.6,41.9,Waspada,60.0
SKR-KDMP-00162-2026-05,KDMP-00162,2026-05,47.1,46.0,50.2,47.8,Waspada,51.9
SKR-KDMP-00162-2026-06,KDMP-00162,2026-06,81.2,96.5,90.2,89.3,Sehat,1.6
SKR-KDMP-00162-2026-07,KDMP-00162,2026-07,96.3,59.6,97.2,84.4,Sehat,2.9
SKR-KDMP-00162-2026-08,KDMP-00162,2026-08,85.5,90.4,80.8,85.6,Sehat,18.8
SKR-KDMP-00163-2026-03,KDMP-00163,2026-03,98.1,84.3,100.0,94.1,Sehat,10.3
SKR-KDMP-00163-2026-04,KDMP-00163,2026-04,84.5,82.6,100.0,89.0,Sehat,13.0
SKR-KDMP-00163-2026-05,KDMP-00163,2026-05,65.3,96.0,95.4,85.6,Sehat,22.6
SKR-KDMP-00163-2026-06,KDMP-00163,2026-06,31.9,26.3,53.6,37.3,Kritis,95.6
SKR-KDMP-00163-2026-07,KDMP-00163,2026-07,37.9,43.4,38.4,39.9,Kritis,93.7
SKR-KDMP-00163-2026-08,KDMP-00163,2026-08,35.9,18.9,51.4,35.4,Kritis,67.4
SKR-KDMP-00164-2026-03,KDMP-00164,2026-03,48.2,30.3,75.4,51.3,Waspada,44.9
SKR-KDMP-00164-2026-04,KDMP-00164,2026-04,33.8,32.3,58.3,41.5,Waspada,59.8
SKR-KDMP-00164-2026-05,KDMP-00164,2026-05,31.1,42.9,60.5,44.8,Waspada,63.5
SKR-KDMP-00164-2026-06,KDMP-00164,2026-06,33.7,31.8,56.1,40.5,Waspada,61.9
SKR-KDMP-00164-2026-07,KDMP-00164,2026-07,37.1,27.3,39.9,34.8,Kritis,77.2
SKR-KDMP-00164-2026-08,KDMP-00164,2026-08,16.4,39.4,34.3,30.0,Kritis,83.1
SKR-KDMP-00165-2026-03,KDMP-00165,2026-03,36.0,57.3,77.8,57.0,Waspada,41.8
SKR-KDMP-00165-2026-04,KDMP-00165,2026-04,30.3,53.5,59.5,47.8,Waspada,55.0
SKR-KDMP-00165-2026-05,KDMP-00165,2026-05,53.7,48.0,56.7,52.8,Waspada,51.7
SKR-KDMP-00165-2026-06,KDMP-00165,2026-06,14.9,34.3,50.1,33.1,Kritis,83.0
SKR-KDMP-00165-2026-07,KDMP-00165,2026-07,19.4,31.3,57.5,36.1,Kritis,80.5
SKR-KDMP-00165-2026-08,KDMP-00165,2026-08,18.2,43.7,35.4,32.4,Kritis,73.7
SKR-KDMP-00166-2026-03,KDMP-00166,2026-03,87.1,66.7,100.0,84.6,Sehat,14.4
SKR-KDMP-00166-2026-04,KDMP-00166,2026-04,75.1,81.3,86.3,80.9,Sehat,19.1
SKR-KDMP-00166-2026-05,KDMP-00166,2026-05,78.7,71.2,78.6,76.2,Sehat,29.9
SKR-KDMP-00166-2026-06,KDMP-00166,2026-06,58.0,87.4,72.6,72.7,Sehat,36.4
SKR-KDMP-00166-2026-07,KDMP-00166,2026-07,3.0,13.1,31.6,15.9,Kritis,99.0
SKR-KDMP-00166-2026-08,KDMP-00166,2026-08,15.9,12.9,14.2,14.3,Kritis,98.9
SKR-KDMP-00167-2026-03,KDMP-00167,2026-03,68.6,55.1,94.1,72.6,Sehat,22.9
SKR-KDMP-00167-2026-04,KDMP-00167,2026-04,72.1,90.7,86.9,83.2,Sehat,17.6
SKR-KDMP-00167-2026-05,KDMP-00167,2026-05,68.2,67.2,96.5,77.3,Sehat,16.9
SKR-KDMP-00167-2026-06,KDMP-00167,2026-06,90.7,62.4,83.9,79.0,Sehat,21.7
SKR-KDMP-00167-2026-07,KDMP-00167,2026-07,73.6,69.7,98.6,80.6,Sehat,15.4
SKR-KDMP-00167-2026-08,KDMP-00167,2026-08,83.0,88.9,95.3,89.1,Sehat,8.7
SKR-KDMP-00168-2026-03,KDMP-00168,2026-03,70.8,93.4,91.8,85.3,Sehat,16.5
SKR-KDMP-00168-2026-04,KDMP-00168,2026-04,68.1,67.7,95.8,77.2,Sehat,20.5
SKR-KDMP-00168-2026-05,KDMP-00168,2026-05,83.5,59.6,85.8,76.3,Sehat,28.2
SKR-KDMP-00168-2026-06,KDMP-00168,2026-06,77.1,71.2,99.1,82.5,Sehat,13.0
SKR-KDMP-00168-2026-07,KDMP-00168,2026-07,51.8,18.9,81.4,50.7,Waspada,73.3
SKR-KDMP-00168-2026-08,KDMP-00168,2026-08,36.6,59.6,74.3,56.8,Waspada,70.6
SKR-KDMP-00169-2026-03,KDMP-00169,2026-03,76.5,47.0,84.8,69.4,Waspada,25.5
SKR-KDMP-00169-2026-04,KDMP-00169,2026-04,93.8,57.8,98.5,83.4,Sehat,14.0
SKR-KDMP-00169-2026-05,KDMP-00169,2026-05,60.0,50.3,97.0,69.1,Waspada,26.6
SKR-KDMP-00169-2026-06,KDMP-00169,2026-06,75.1,66.7,97.9,79.9,Sehat,19.8
SKR-KDMP-00169-2026-07,KDMP-00169,2026-07,92.2,73.2,92.4,85.9,Sehat,7.0
SKR-KDMP-00169-2026-08,KDMP-00169,2026-08,93.4,66.7,84.9,81.7,Sehat,16.0
SKR-KDMP-00170-2026-03,KDMP-00170,2026-03,71.1,94.9,92.3,86.1,Sehat,16.0
SKR-KDMP-00170-2026-04,KDMP-00170,2026-04,77.4,80.3,95.7,84.5,Sehat,15.8
SKR-KDMP-00170-2026-05,KDMP-00170,2026-05,64.0,77.3,95.2,78.8,Sehat,26.1
SKR-KDMP-00170-2026-06,KDMP-00170,2026-06,63.5,58.8,98.6,73.6,Sehat,32.4
SKR-KDMP-00170-2026-07,KDMP-00170,2026-07,80.4,62.1,85.8,76.1,Sehat,23.0
SKR-KDMP-00170-2026-08,KDMP-00170,2026-08,65.3,69.2,88.2,74.2,Sehat,23.0
SKR-KDMP-00171-2026-03,KDMP-00171,2026-03,28.4,33.6,42.6,34.9,Kritis,68.4
SKR-KDMP-00171-2026-04,KDMP-00171,2026-04,19.3,28.8,55.4,34.5,Kritis,67.4
SKR-KDMP-00171-2026-05,KDMP-00171,2026-05,31.3,55.6,48.5,45.1,Waspada,46.6
SKR-KDMP-00171-2026-06,KDMP-00171,2026-06,32.7,68.7,73.0,58.1,Waspada,19.3
SKR-KDMP-00171-2026-07,KDMP-00171,2026-07,69.6,65.9,64.0,66.5,Waspada,14.8
SKR-KDMP-00171-2026-08,KDMP-00171,2026-08,47.2,76.3,65.7,63.1,Waspada,32.7
SKR-KDMP-00172-2026-03,KDMP-00172,2026-03,70.6,82.1,90.0,80.9,Sehat,18.8
SKR-KDMP-00172-2026-04,KDMP-00172,2026-04,71.1,89.9,92.8,84.6,Sehat,16.5
SKR-KDMP-00172-2026-05,KDMP-00172,2026-05,100.0,95.5,93.5,96.3,Sehat,5.0
SKR-KDMP-00172-2026-06,KDMP-00172,2026-06,81.7,99.0,89.3,90.0,Sehat,11.3
SKR-KDMP-00172-2026-07,KDMP-00172,2026-07,66.2,73.7,95.5,78.5,Sehat,36.6
SKR-KDMP-00172-2026-08,KDMP-00172,2026-08,81.7,93.9,81.9,85.8,Sehat,19.1
SKR-KDMP-00173-2026-03,KDMP-00173,2026-03,96.2,85.9,94.5,92.2,Sehat,11.5
SKR-KDMP-00173-2026-04,KDMP-00173,2026-04,97.1,79.3,85.0,87.1,Sehat,14.5
SKR-KDMP-00173-2026-05,KDMP-00173,2026-05,88.8,83.3,96.4,89.5,Sehat,14.1
SKR-KDMP-00173-2026-06,KDMP-00173,2026-06,90.2,61.6,91.9,81.2,Sehat,21.1
SKR-KDMP-00173-2026-07,KDMP-00173,2026-07,83.5,90.4,86.4,86.8,Sehat,16.8
SKR-KDMP-00173-2026-08,KDMP-00173,2026-08,86.1,70.2,91.1,82.5,Sehat,15.8
SKR-KDMP-00174-2026-03,KDMP-00174,2026-03,52.8,53.5,91.2,65.8,Waspada,29.8
SKR-KDMP-00174-2026-04,KDMP-00174,2026-04,37.1,57.8,73.8,56.2,Waspada,43.8
SKR-KDMP-00174-2026-05,KDMP-00174,2026-05,38.4,57.6,69.4,55.1,Waspada,57.2
SKR-KDMP-00174-2026-06,KDMP-00174,2026-06,40.4,41.4,57.3,46.4,Waspada,65.8
SKR-KDMP-00174-2026-07,KDMP-00174,2026-07,30.3,40.7,41.4,37.5,Kritis,82.1
SKR-KDMP-00174-2026-08,KDMP-00174,2026-08,20.7,37.9,48.3,35.6,Kritis,77.8
SKR-KDMP-00175-2026-03,KDMP-00175,2026-03,39.3,20.5,80.9,46.9,Waspada,48.7
SKR-KDMP-00175-2026-04,KDMP-00175,2026-04,52.8,47.5,70.4,56.9,Waspada,40.2
SKR-KDMP-00175-2026-05,KDMP-00175,2026-05,37.4,34.1,61.5,44.3,Waspada,59.5
SKR-KDMP-00175-2026-06,KDMP-00175,2026-06,50.9,46.5,66.6,54.7,Waspada,45.6
SKR-KDMP-00175-2026-07,KDMP-00175,2026-07,29.0,37.1,63.7,43.3,Waspada,59.1
SKR-KDMP-00175-2026-08,KDMP-00175,2026-08,49.9,27.3,52.1,43.1,Waspada,69.3
SKR-KDMP-00176-2026-03,KDMP-00176,2026-03,75.6,75.8,87.8,79.7,Sehat,19.3
SKR-KDMP-00176-2026-04,KDMP-00176,2026-04,96.8,66.7,89.2,84.2,Sehat,14.9
SKR-KDMP-00176-2026-05,KDMP-00176,2026-05,72.7,85.9,89.0,82.5,Sehat,16.2
SKR-KDMP-00176-2026-06,KDMP-00176,2026-06,68.6,75.3,87.4,77.1,Sehat,27.8
SKR-KDMP-00176-2026-07,KDMP-00176,2026-07,91.9,91.7,81.7,88.4,Sehat,11.2
SKR-KDMP-00176-2026-08,KDMP-00176,2026-08,80.1,92.4,82.9,85.1,Sehat,12.4
SKR-KDMP-00177-2026-03,KDMP-00177,2026-03,94.9,80.6,94.1,89.9,Sehat,12.4
SKR-KDMP-00177-2026-04,KDMP-00177,2026-04,88.3,86.4,94.6,89.8,Sehat,12.9
SKR-KDMP-00177-2026-05,KDMP-00177,2026-05,78.5,66.2,78.1,74.3,Sehat,39.6
SKR-KDMP-00177-2026-06,KDMP-00177,2026-06,4.5,2.0,40.2,15.6,Kritis,99.4
SKR-KDMP-00177-2026-07,KDMP-00177,2026-07,16.4,10.1,8.6,11.7,Kritis,99.2
SKR-KDMP-00177-2026-08,KDMP-00177,2026-08,3.8,5.8,22.0,10.5,Kritis,89.8
SKR-KDMP-00178-2026-03,KDMP-00178,2026-03,26.9,13.1,20.9,20.3,Kritis,81.3
SKR-KDMP-00178-2026-04,KDMP-00178,2026-04,27.5,8.3,41.7,25.8,Kritis,74.5
SKR-KDMP-00178-2026-05,KDMP-00178,2026-05,13.0,5.1,32.5,16.9,Kritis,85.1
SKR-KDMP-00178-2026-06,KDMP-00178,2026-06,14.6,14.1,38.2,22.3,Kritis,81.3
SKR-KDMP-00178-2026-07,KDMP-00178,2026-07,10.4,12.6,13.1,12.0,Kritis,89.8
SKR-KDMP-00178-2026-08,KDMP-00178,2026-08,13.4,3.5,26.1,14.3,Kritis,88.8
SKR-KDMP-00179-2026-03,KDMP-00179,2026-03,64.0,53.0,89.1,68.7,Waspada,26.8
SKR-KDMP-00179-2026-04,KDMP-00179,2026-04,36.6,51.0,64.6,50.7,Waspada,51.0
SKR-KDMP-00179-2026-05,KDMP-00179,2026-05,43.6,40.7,64.3,49.5,Waspada,70.8
SKR-KDMP-00179-2026-06,KDMP-00179,2026-06,47.1,41.9,49.0,46.0,Waspada,61.1
SKR-KDMP-00179-2026-07,KDMP-00179,2026-07,20.2,44.9,58.3,41.1,Waspada,70.6
SKR-KDMP-00179-2026-08,KDMP-00179,2026-08,16.2,41.4,35.8,31.1,Kritis,85.3
SKR-KDMP-00180-2026-03,KDMP-00180,2026-03,67.6,55.6,57.7,60.3,Waspada,38.7
SKR-KDMP-00180-2026-04,KDMP-00180,2026-04,37.4,55.1,62.9,51.8,Waspada,49.7
SKR-KDMP-00180-2026-05,KDMP-00180,2026-05,30.1,60.1,69.8,53.3,Waspada,55.5
SKR-KDMP-00180-2026-06,KDMP-00180,2026-06,27.1,42.4,45.5,38.3,Kritis,78.7
SKR-KDMP-00180-2026-07,KDMP-00180,2026-07,37.4,47.2,45.1,43.2,Waspada,70.5
SKR-KDMP-00180-2026-08,KDMP-00180,2026-08,12.6,29.8,43.6,28.7,Kritis,82.5
SKR-KDMP-00181-2026-03,KDMP-00181,2026-03,4.0,2.5,30.1,12.2,Kritis,85.8
SKR-KDMP-00181-2026-04,KDMP-00181,2026-04,4.0,4.8,26.6,11.8,Kritis,86.3
SKR-KDMP-00181-2026-05,KDMP-00181,2026-05,26.0,22.2,48.6,32.3,Kritis,45.8
SKR-KDMP-00181-2026-06,KDMP-00181,2026-06,4.5,12.6,13.2,10.1,Kritis,89.6
SKR-KDMP-00181-2026-07,KDMP-00181,2026-07,14.6,27.8,31.5,24.6,Kritis,83.6
SKR-KDMP-00181-2026-08,KDMP-00181,2026-08,17.2,20.5,5.7,14.5,Kritis,84.3
SKR-KDMP-00182-2026-03,KDMP-00182,2026-03,94.7,74.7,83.3,84.2,Sehat,15.9
SKR-KDMP-00182-2026-04,KDMP-00182,2026-04,87.5,96.5,81.2,88.4,Sehat,14.8
SKR-KDMP-00182-2026-05,KDMP-00182,2026-05,72.2,80.3,84.4,79.0,Sehat,25.1
SKR-KDMP-00182-2026-06,KDMP-00182,2026-06,80.7,88.9,92.4,87.3,Sehat,15.1
SKR-KDMP-00182-2026-07,KDMP-00182,2026-07,68.2,65.9,93.5,75.9,Sehat,24.2
SKR-KDMP-00182-2026-08,KDMP-00182,2026-08,75.5,94.9,87.2,85.9,Sehat,16.9
SKR-KDMP-00183-2026-03,KDMP-00183,2026-03,28.9,23.7,55.5,36.0,Kritis,64.9
SKR-KDMP-00183-2026-04,KDMP-00183,2026-04,35.9,48.5,57.8,47.4,Waspada,53.5
SKR-KDMP-00183-2026-05,KDMP-00183,2026-05,33.1,52.8,61.5,49.1,Waspada,37.5
SKR-KDMP-00183-2026-06,KDMP-00183,2026-06,34.7,66.2,52.5,51.1,Waspada,48.2
SKR-KDMP-00183-2026-07,KDMP-00183,2026-07,65.8,68.2,88.7,74.2,Sehat,8.2
SKR-KDMP-00183-2026-08,KDMP-00183,2026-08,61.1,47.5,79.8,62.8,Waspada,22.8
SKR-KDMP-00184-2026-03,KDMP-00184,2026-03,38.0,56.3,55.9,50.1,Waspada,52.1
SKR-KDMP-00184-2026-04,KDMP-00184,2026-04,54.0,40.9,69.2,54.7,Waspada,42.4
SKR-KDMP-00184-2026-05,KDMP-00184,2026-05,65.9,20.7,55.1,47.2,Waspada,54.1
SKR-KDMP-00184-2026-06,KDMP-00184,2026-06,53.2,51.0,59.5,54.6,Waspada,44.7
SKR-KDMP-00184-2026-07,KDMP-00184,2026-07,38.4,59.1,69.2,55.6,Waspada,35.0
SKR-KDMP-00184-2026-08,KDMP-00184,2026-08,40.7,52.5,50.8,48.0,Waspada,62.5
SKR-KDMP-00185-2026-03,KDMP-00185,2026-03,4.0,12.6,17.4,11.3,Kritis,87.5
SKR-KDMP-00185-2026-04,KDMP-00185,2026-04,13.3,0.5,39.9,17.9,Kritis,80.8
SKR-KDMP-00185-2026-05,KDMP-00185,2026-05,5.1,2.0,43.7,16.9,Kritis,77.8
SKR-KDMP-00185-2026-06,KDMP-00185,2026-06,4.5,7.8,37.9,16.7,Kritis,83.6
SKR-KDMP-00185-2026-07,KDMP-00185,2026-07,3.0,10.9,14.9,9.6,Kritis,91.6
SKR-KDMP-00185-2026-08,KDMP-00185,2026-08,30.6,33.8,26.4,30.3,Kritis,59.3
SKR-KDMP-00186-2026-03,KDMP-00186,2026-03,15.0,1.3,19.7,12.0,Kritis,86.2
SKR-KDMP-00186-2026-04,KDMP-00186,2026-04,4.0,11.4,19.4,11.6,Kritis,87.2
SKR-KDMP-00186-2026-05,KDMP-00186,2026-05,13.3,9.1,40.0,20.8,Kritis,71.7
SKR-KDMP-00186-2026-06,KDMP-00186,2026-06,4.5,11.4,51.7,22.5,Kritis,67.8
SKR-KDMP-00186-2026-07,KDMP-00186,2026-07,18.2,4.5,49.8,24.2,Kritis,72.3
SKR-KDMP-00186-2026-08,KDMP-00186,2026-08,33.1,12.9,14.2,20.1,Kritis,83.4
SKR-KDMP-00187-2026-03,KDMP-00187,2026-03,18.3,20.5,22.1,20.3,Kritis,81.9
SKR-KDMP-00187-2026-04,KDMP-00187,2026-04,12.0,7.6,5.7,8.4,Kritis,89.4
SKR-KDMP-00187-2026-05,KDMP-00187,2026-05,25.5,10.4,6.8,14.2,Kritis,88.9
SKR-KDMP-00187-2026-06,KDMP-00187,2026-06,4.5,2.8,31.1,12.8,Kritis,82.7
SKR-KDMP-00187-2026-07,KDMP-00187,2026-07,3.0,6.1,7.4,5.5,Kritis,93.4
SKR-KDMP-00187-2026-08,KDMP-00187,2026-08,3.8,4.0,22.2,10.0,Kritis,88.7
SKR-KDMP-00188-2026-03,KDMP-00188,2026-03,95.2,67.7,87.5,83.5,Sehat,15.6
SKR-KDMP-00188-2026-04,KDMP-00188,2026-04,67.6,98.0,89.8,85.1,Sehat,17.1
SKR-KDMP-00188-2026-05,KDMP-00188,2026-05,67.4,86.4,81.7,78.5,Sehat,26.2
SKR-KDMP-00188-2026-06,KDMP-00188,2026-06,58.7,86.9,80.0,75.2,Sehat,34.6
SKR-KDMP-00188-2026-07,KDMP-00188,2026-07,79.7,86.9,83.7,83.4,Sehat,14.3
SKR-KDMP-00188-2026-08,KDMP-00188,2026-08,82.6,86.9,93.0,87.5,Sehat,8.6
SKR-KDMP-00189-2026-03,KDMP-00189,2026-03,82.3,79.5,94.3,85.4,Sehat,15.1
SKR-KDMP-00189-2026-04,KDMP-00189,2026-04,95.8,76.0,89.5,87.1,Sehat,13.8
SKR-KDMP-00189-2026-05,KDMP-00189,2026-05,71.7,84.8,84.0,80.2,Sehat,24.4
SKR-KDMP-00189-2026-06,KDMP-00189,2026-06,71.8,82.3,79.9,78.0,Sehat,29.9
SKR-KDMP-00189-2026-07,KDMP-00189,2026-07,44.9,54.5,66.8,55.4,Waspada,72.6
SKR-KDMP-00189-2026-08,KDMP-00189,2026-08,44.7,41.9,54.9,47.2,Waspada,83.1
SKR-KDMP-00190-2026-03,KDMP-00190,2026-03,32.4,59.8,59.9,50.7,Waspada,51.6
SKR-KDMP-00190-2026-04,KDMP-00190,2026-04,33.1,64.9,68.5,55.5,Waspada,45.2
SKR-KDMP-00190-2026-05,KDMP-00190,2026-05,88.5,98.5,96.2,94.4,Sehat,1.5
SKR-KDMP-00190-2026-06,KDMP-00190,2026-06,98.5,92.4,84.5,91.8,Sehat,2.6
SKR-KDMP-00190-2026-07,KDMP-00190,2026-07,72.1,77.8,95.9,81.9,Sehat,27.8
SKR-KDMP-00190-2026-08,KDMP-00190,2026-08,88.9,96.0,94.5,93.1,Sehat,10.8
SKR-KDMP-00191-2026-03,KDMP-00191,2026-03,4.0,4.5,8.2,5.6,Kritis,90.2
SKR-KDMP-00191-2026-04,KDMP-00191,2026-04,14.8,18.7,7.3,13.6,Kritis,86.7
SKR-KDMP-00191-2026-05,KDMP-00191,2026-05,17.0,8.6,32.7,19.4,Kritis,68.9
SKR-KDMP-00191-2026-06,KDMP-00191,2026-06,14.4,23.2,27.4,21.7,Kritis,74.2
SKR-KDMP-00191-2026-07,KDMP-00191,2026-07,12.6,1.0,46.0,19.9,Kritis,78.9
SKR-KDMP-00191-2026-08,KDMP-00191,2026-08,14.1,7.8,23.7,15.2,Kritis,88.1
SKR-KDMP-00192-2026-03,KDMP-00192,2026-03,29.9,18.7,64.1,37.6,Kritis,61.6
SKR-KDMP-00192-2026-04,KDMP-00192,2026-04,38.6,68.4,76.8,61.3,Waspada,36.6
SKR-KDMP-00192-2026-05,KDMP-00192,2026-05,63.9,56.8,50.4,57.0,Waspada,24.1
SKR-KDMP-00192-2026-06,KDMP-00192,2026-06,56.9,69.2,69.7,65.3,Waspada,29.4
SKR-KDMP-00192-2026-07,KDMP-00192,2026-07,56.1,57.6,56.3,56.7,Waspada,44.5
SKR-KDMP-00192-2026-08,KDMP-00192,2026-08,41.9,38.6,72.4,51.0,Waspada,63.5
SKR-KDMP-00193-2026-03,KDMP-00193,2026-03,38.8,46.5,91.4,58.9,Waspada,36.8
SKR-KDMP-00193-2026-04,KDMP-00193,2026-04,36.4,28.3,86.9,50.5,Waspada,45.4
SKR-KDMP-00193-2026-05,KDMP-00193,2026-05,48.9,21.2,77.8,49.3,Waspada,57.1
SKR-KDMP-00193-2026-06,KDMP-00193,2026-06,49.9,44.9,51.7,48.8,Waspada,54.3
SKR-KDMP-00193-2026-07,KDMP-00193,2026-07,33.5,18.9,41.2,31.2,Kritis,85.3
SKR-KDMP-00193-2026-08,KDMP-00193,2026-08,31.1,49.5,44.6,41.7,Waspada,69.3
SKR-KDMP-00194-2026-03,KDMP-00194,2026-03,96.3,89.9,93.5,93.2,Sehat,11.3
SKR-KDMP-00194-2026-04,KDMP-00194,2026-04,87.2,52.8,100.0,80.0,Sehat,16.8
SKR-KDMP-00194-2026-05,KDMP-00194,2026-05,63.0,65.7,87.4,72.0,Sehat,47.8
SKR-KDMP-00194-2026-06,KDMP-00194,2026-06,87.1,72.2,76.1,78.5,Sehat,21.3
SKR-KDMP-00194-2026-07,KDMP-00194,2026-07,61.6,85.9,65.2,70.9,Sehat,31.6
SKR-KDMP-00194-2026-08,KDMP-00194,2026-08,66.3,52.0,60.4,59.6,Waspada,61.1
SKR-KDMP-00195-2026-03,KDMP-00195,2026-03,69.6,72.5,58.5,66.9,Waspada,33.2
SKR-KDMP-00195-2026-04,KDMP-00195,2026-04,78.4,38.9,69.6,62.3,Waspada,33.3
SKR-KDMP-00195-2026-05,KDMP-00195,2026-05,81.9,90.9,80.8,84.5,Sehat,8.0
SKR-KDMP-00195-2026-06,KDMP-00195,2026-06,60.2,94.9,95.5,83.5,Sehat,7.5
SKR-KDMP-00195-2026-07,KDMP-00195,2026-07,87.4,82.3,90.1,86.6,Sehat,13.4
SKR-KDMP-00195-2026-08,KDMP-00195,2026-08,81.8,72.7,100.0,84.8,Sehat,14.1
SKR-KDMP-00196-2026-03,KDMP-00196,2026-03,17.3,24.7,23.9,22.0,Kritis,80.9
SKR-KDMP-00196-2026-04,KDMP-00196,2026-04,26.8,19.7,13.0,19.8,Kritis,82.7
SKR-KDMP-00196-2026-05,KDMP-00196,2026-05,5.1,13.1,10.4,9.5,Kritis,93.5
SKR-KDMP-00196-2026-06,KDMP-00196,2026-06,32.2,53.8,58.4,48.1,Waspada,22.3
SKR-KDMP-00196-2026-07,KDMP-00196,2026-07,30.8,49.5,57.6,46.0,Waspada,19.2
SKR-KDMP-00196-2026-08,KDMP-00196,2026-08,33.6,20.5,48.0,34.0,Kritis,80.3
SKR-KDMP-00197-2026-03,KDMP-00197,2026-03,88.1,50.3,94.4,77.6,Sehat,18.1
SKR-KDMP-00197-2026-04,KDMP-00197,2026-04,59.8,79.8,87.4,75.7,Sehat,23.3
SKR-KDMP-00197-2026-05,KDMP-00197,2026-05,77.5,88.9,98.2,88.2,Sehat,8.7
SKR-KDMP-00197-2026-06,KDMP-00197,2026-06,90.9,53.8,81.7,75.5,Sehat,21.5
SKR-KDMP-00197-2026-07,KDMP-00197,2026-07,78.2,63.1,92.1,77.8,Sehat,27.9
SKR-KDMP-00197-2026-08,KDMP-00197,2026-08,78.8,91.4,80.4,83.5,Sehat,13.1
SKR-KDMP-00198-2026-03,KDMP-00198,2026-03,29.7,36.4,80.0,48.7,Waspada,49.0
SKR-KDMP-00198-2026-04,KDMP-00198,2026-04,33.6,26.3,64.5,41.5,Waspada,58.3
SKR-KDMP-00198-2026-05,KDMP-00198,2026-05,51.6,39.4,74.7,55.2,Waspada,33.6
SKR-KDMP-00198-2026-06,KDMP-00198,2026-06,37.5,58.8,68.2,54.8,Waspada,31.1
SKR-KDMP-00198-2026-07,KDMP-00198,2026-07,36.9,38.4,68.1,47.8,Waspada,60.2
SKR-KDMP-00198-2026-08,KDMP-00198,2026-08,46.5,28.3,78.0,50.9,Waspada,49.3
