stok_id,koperasi_id,tanggal_pencatatan,jenis_barang,jumlah_unit,nilai_rupiah
STK-000001,KDMP-00001,2026-03-31,Gula,369,3608000.0
STK-000002,KDMP-00001,2026-04-30,Beras,198,2367000.0
STK-000003,KDMP-00001,2026-05-31,Gula,425,7305000.0
STK-000004,KDMP-00001,2026-06-30,Minyak Goreng,176,1804000.0
STK-000005,KDMP-00001,2026-07-31,Minyak Goreng,322,5819000.0
STK-000006,KDMP-00001,2026-08-13,Minyak Goreng,188,4036000.0
STK-000007,KDMP-00002,2026-03-31,Gula,976,18751000.0
STK-000008,KDMP-00002,2026-04-30,Sembako Campuran,772,8238000.0
STK-000009,KDMP-00002,2026-05-31,Beras,380,8640000.0
STK-000010,KDMP-00002,2026-06-30,Minyak Goreng,661,7671000.0
STK-000011,KDMP-00002,2026-07-31,Minyak Goreng,730,6025000.0
STK-000012,KDMP-00002,2026-08-13,Sembako Campuran,282,2558000.0
STK-000013,KDMP-00003,2026-03-31,Beras,394,3920000.0
STK-000014,KDMP-00003,2026-04-30,Sembako Campuran,558,10834000.0
STK-000015,KDMP-00003,2026-05-31,Beras,704,14188000.0
STK-000016,KDMP-00003,2026-06-30,Pupuk,322,4193000.0
STK-000017,KDMP-00003,2026-07-31,Minyak Goreng,389,3520000.0
STK-000018,KDMP-00003,2026-08-13,Minyak Goreng,624,8379000.0
STK-000019,KDMP-00004,2026-03-31,Beras,174,2902000.0
STK-000020,KDMP-00004,2026-04-30,Sembako Campuran,223,4752000.0
STK-000021,KDMP-00004,2026-05-31,Sembako Campuran,172,2280000.0
STK-000022,KDMP-00004,2026-06-30,Beras,83,802000.0
STK-000023,KDMP-00004,2026-07-31,Gula,81,671000.0
STK-000024,KDMP-00004,2026-08-13,Pupuk,0,0.0
STK-000025,KDMP-00005,2026-03-31,Gula,949,17083000.0
STK-000026,KDMP-00005,2026-04-30,Beras,532,12422000.0
STK-000027,KDMP-00005,2026-05-31,Gula,872,16885000.0
STK-000028,KDMP-00005,2026-06-30,Gula,134,3134000.0
STK-000029,KDMP-00005,2026-07-31,Beras,221,2093000.0
STK-000030,KDMP-00005,2026-08-13,Pupuk,385,9249000.0
STK-000031,KDMP-00006,2026-03-31,Gula,260,3512000.0
STK-000032,KDMP-00006,2026-04-30,Sembako Campuran,414,7475000.0
STK-000033,KDMP-00006,2026-05-31,Sembako Campuran,254,2097000.0
STK-000034,KDMP-00006,2026-06-30,Pupuk,215,3724000.0
STK-000035,KDMP-00006,2026-07-31,Sembako Campuran,169,3437000.0
STK-000036,KDMP-00006,2026-08-13,Beras,106,1942000.0
STK-000037,KDMP-00007,2026-03-31,Sembako Campuran,196,3427000.0
STK-000038,KDMP-00007,2026-04-30,Gula,246,3944000.0
STK-000039,KDMP-00007,2026-05-31,Sembako Campuran,136,1159000.0
STK-000040,KDMP-00007,2026-06-30,Sembako Campuran,223,4983000.0
STK-000041,KDMP-00007,2026-07-31,Minyak Goreng,250,4946000.0
STK-000042,KDMP-00007,2026-08-13,Pupuk,434,4451000.0
STK-000043,KDMP-00008,2026-03-31,Sembako Campuran,626,10563000.0
STK-000044,KDMP-00008,2026-04-30,Beras,360,2970000.0
STK-000045,KDMP-00008,2026-05-31,Sembako Campuran,282,6780000.0
STK-000046,KDMP-00008,2026-06-30,Gula,381,3520000.0
STK-000047,KDMP-00008,2026-07-31,Beras,660,16180000.0
STK-000048,KDMP-00008,2026-08-13,Minyak Goreng,695,13902000.0
STK-000049,KDMP-00009,2026-03-31,Beras,164,1827000.0
STK-000050,KDMP-00009,2026-04-30,Sembako Campuran,233,5171000.0
STK-000051,KDMP-00009,2026-05-31,Gula,125,2515000.0
STK-000052,KDMP-00009,2026-06-30,Minyak Goreng,269,2962000.0
STK-000053,KDMP-00009,2026-07-31,Beras,290,4845000.0
STK-000054,KDMP-00009,2026-08-13,Pupuk,419,9632000.0
STK-000055,KDMP-00010,2026-03-31,Beras,543,12802000.0
STK-000056,KDMP-00010,2026-04-30,Gula,541,7029000.0
STK-000057,KDMP-00010,2026-05-31,Sembako Campuran,349,5374000.0
STK-000058,KDMP-00010,2026-06-30,Pupuk,747,7773000.0
STK-000059,KDMP-00010,2026-07-31,Beras,300,5330000.0
STK-000060,KDMP-00010,2026-08-13,Pupuk,492,11676000.0
STK-000061,KDMP-00011,2026-03-31,Minyak Goreng,447,7067000.0
STK-000062,KDMP-00011,2026-04-30,Minyak Goreng,226,5129000.0
STK-000063,KDMP-00011,2026-05-31,Pupuk,363,6675000.0
STK-000064,KDMP-00011,2026-06-30,Sembako Campuran,111,1870000.0
STK-000065,KDMP-00011,2026-07-31,Minyak Goreng,217,4381000.0
STK-000066,KDMP-00011,2026-08-13,Sembako Campuran,230,2123000.0
STK-000067,KDMP-00012,2026-03-31,Gula,607,8706000.0
STK-000068,KDMP-00012,2026-04-30,Beras,578,13890000.0
STK-000069,KDMP-00012,2026-05-31,Sembako Campuran,545,13391000.0
STK-000070,KDMP-00012,2026-06-30,Beras,552,11991000.0
STK-000071,KDMP-00012,2026-07-31,Beras,600,12425000.0
STK-000072,KDMP-00012,2026-08-13,Gula,558,12213000.0
STK-000073,KDMP-00013,2026-03-31,Beras,300,3418000.0
STK-000074,KDMP-00013,2026-04-30,Beras,368,6658000.0
STK-000075,KDMP-00013,2026-05-31,Beras,221,5172000.0
STK-000076,KDMP-00013,2026-06-30,Pupuk,257,3420000.0
STK-000077,KDMP-00013,2026-07-31,Sembako Campuran,141,2676000.0
STK-000078,KDMP-00013,2026-08-13,Minyak Goreng,149,2599000.0
STK-000079,KDMP-00014,2026-03-31,Pupuk,693,7093000.0
STK-000080,KDMP-00014,2026-04-30,Beras,597,5949000.0
STK-000081,KDMP-00014,2026-05-31,Minyak Goreng,813,13617000.0
STK-000082,KDMP-00014,2026-06-30,Sembako Campuran,392,5208000.0
STK-000083,KDMP-00014,2026-07-31,Beras,570,11589000.0
STK-000084,KDMP-00014,2026-08-13,Sembako Campuran,285,3025000.0
STK-000085,KDMP-00015,2026-03-31,Beras,284,5577000.0
STK-000086,KDMP-00015,2026-04-30,Pupuk,216,5293000.0
STK-000087,KDMP-00015,2026-05-31,Minyak Goreng,253,5815000.0
STK-000088,KDMP-00015,2026-06-30,Beras,310,4697000.0
STK-000089,KDMP-00015,2026-07-31,Beras,143,2471000.0
STK-000090,KDMP-00015,2026-08-13,Minyak Goreng,162,2916000.0
STK-000091,KDMP-00016,2026-03-31,Sembako Campuran,1163,26920000.0
STK-000092,KDMP-00016,2026-04-30,Pupuk,673,16455000.0
STK-000093,KDMP-00016,2026-05-31,Pupuk,539,13305000.0
STK-000094,KDMP-00016,2026-06-30,Pupuk,319,2809000.0
STK-000095,KDMP-00016,2026-07-31,Beras,532,12640000.0
STK-000096,KDMP-00016,2026-08-13,Beras,351,4810000.0
STK-000097,KDMP-00017,2026-03-31,Minyak Goreng,377,4336000.0
STK-000098,KDMP-00017,2026-04-30,Pupuk,262,2247000.0
STK-000099,KDMP-00017,2026-05-31,Pupuk,492,4292000.0
STK-000100,KDMP-00017,2026-06-30,Minyak Goreng,747,13597000.0
STK-000101,KDMP-00017,2026-07-31,Sembako Campuran,361,3502000.0
STK-000102,KDMP-00017,2026-08-13,Beras,474,11739000.0
STK-000103,KDMP-00018,2026-03-31,Gula,379,7569000.0
STK-000104,KDMP-00018,2026-04-30,Minyak Goreng,150,2992000.0
STK-000105,KDMP-00018,2026-05-31,Minyak Goreng,230,4268000.0
STK-000106,KDMP-00018,2026-06-30,Beras,309,3880000.0
STK-000107,KDMP-00018,2026-07-31,Minyak Goreng,306,7093000.0
STK-000108,KDMP-00018,2026-08-13,Sembako Campuran,220,4696000.0
STK-000109,KDMP-00019,2026-03-31,Gula,446,3648000.0
STK-000110,KDMP-00019,2026-04-30,Pupuk,356,3155000.0
STK-000111,KDMP-00019,2026-05-31,Minyak Goreng,159,3217000.0
STK-000112,KDMP-00019,2026-06-30,Sembako Campuran,200,4313000.0
STK-000113,KDMP-00019,2026-07-31,Beras,210,3885000.0
STK-000114,KDMP-00019,2026-08-13,Beras,82,1820000.0
STK-000115,KDMP-00020,2026-03-31,Gula,548,12252000.0
STK-000116,KDMP-00020,2026-04-30,Sembako Campuran,275,3854000.0
STK-000117,KDMP-00020,2026-05-31,Beras,653,15364000.0
STK-000118,KDMP-00020,2026-06-30,Sembako Campuran,825,10637000.0
STK-000119,KDMP-00020,2026-07-31,Minyak Goreng,510,10334000.0
STK-000120,KDMP-00020,2026-08-13,Pupuk,820,6602000.0
STK-000121,KDMP-00021,2026-03-31,Beras,5,58000.0
STK-000122,KDMP-00021,2026-04-30,Beras,112,2344000.0
STK-000123,KDMP-00021,2026-05-31,Beras,39,719000.0
STK-000124,KDMP-00021,2026-06-30,Sembako Campuran,138,1894000.0
STK-000125,KDMP-00021,2026-07-31,Pupuk,20,345000.0
STK-000126,KDMP-00021,2026-08-13,Sembako Campuran,24,345000.0
STK-000127,KDMP-00022,2026-03-31,Beras,317,4627000.0
STK-000128,KDMP-00022,2026-04-30,Sembako Campuran,801,14161000.0
STK-000129,KDMP-00022,2026-05-31,Sembako Campuran,281,4977000.0
STK-000130,KDMP-00022,2026-06-30,Gula,573,11570000.0
STK-000131,KDMP-00022,2026-07-31,Gula,731,16976000.0
STK-000132,KDMP-00022,2026-08-13,Minyak Goreng,717,7263000.0
STK-000133,KDMP-00023,2026-03-31,Sembako Campuran,208,2686000.0
STK-000134,KDMP-00023,2026-04-30,Beras,338,7656000.0
STK-000135,KDMP-00023,2026-05-31,Minyak Goreng,213,3069000.0
STK-000136,KDMP-00023,2026-06-30,Pupuk,121,1299000.0
STK-000137,KDMP-00023,2026-07-31,Gula,168,1951000.0
STK-000138,KDMP-00023,2026-08-13,Pupuk,184,2696000.0
STK-000139,KDMP-00024,2026-03-31,Beras,179,1991000.0
STK-000140,KDMP-00024,2026-04-30,Minyak Goreng,257,4558000.0
STK-000141,KDMP-00024,2026-05-31,Beras,158,2153000.0
STK-000142,KDMP-00024,2026-06-30,Beras,304,2597000.0
STK-000143,KDMP-00024,2026-07-31,Beras,426,9484000.0
STK-000144,KDMP-00024,2026-08-13,Sembako Campuran,144,3023000.0
STK-000145,KDMP-00025,2026-03-31,Beras,555,6830000.0
STK-000146,KDMP-00025,2026-04-30,Gula,783,7441000.0
STK-000147,KDMP-00025,2026-05-31,Beras,768,14190000.0
STK-000148,KDMP-00025,2026-06-30,Gula,676,16414000.0
STK-000149,KDMP-00025,2026-07-31,Sembako Campuran,798,14016000.0
STK-000150,KDMP-00025,2026-08-13,Beras,806,18241000.0
STK-000151,KDMP-00026,2026-03-31,Pupuk,360,7599000.0
STK-000152,KDMP-00026,2026-04-30,Minyak Goreng,133,3219000.0
STK-000153,KDMP-00026,2026-05-31,Beras,326,3601000.0
STK-000154,KDMP-00026,2026-06-30,Sembako Campuran,146,2086000.0
STK-000155,KDMP-00026,2026-07-31,Beras,133,3287000.0
STK-000156,KDMP-00026,2026-08-13,Beras,102,2389000.0
STK-000157,KDMP-00027,2026-03-31,Sembako Campuran,549,5905000.0
STK-000158,KDMP-00027,2026-04-30,Minyak Goreng,399,7943000.0
STK-000159,KDMP-00027,2026-05-31,Minyak Goreng,686,13949000.0
STK-000160,KDMP-00027,2026-06-30,Beras,655,11080000.0
STK-000161,KDMP-00027,2026-07-31,Pupuk,629,12761000.0
STK-000162,KDMP-00027,2026-08-13,Sembako Campuran,358,7567000.0
STK-000163,KDMP-00028,2026-03-31,Sembako Campuran,613,8367000.0
STK-000164,KDMP-00028,2026-04-30,Gula,598,7965000.0
STK-000165,KDMP-00028,2026-05-31,Beras,604,12060000.0
STK-000166,KDMP-00028,2026-06-30,Pupuk,596,11950000.0
STK-000167,KDMP-00028,2026-07-31,Sembako Campuran,275,5779000.0
STK-000168,KDMP-00028,2026-08-13,Sembako Campuran,149,3672000.0
STK-000169,KDMP-00029,2026-03-31,Minyak Goreng,286,5117000.0
STK-000170,KDMP-00029,2026-04-30,Pupuk,209,5088000.0
STK-000171,KDMP-00029,2026-05-31,Minyak Goreng,326,8125000.0
STK-000172,KDMP-00029,2026-06-30,Beras,309,3326000.0
STK-000173,KDMP-00029,2026-07-31,Minyak Goreng,168,2185000.0
STK-000174,KDMP-00029,2026-08-13,Minyak Goreng,364,4327000.0
STK-000175,KDMP-00030,2026-03-31,Pupuk,232,2955000.0
STK-000176,KDMP-00030,2026-04-30,Sembako Campuran,624,14800000.0
STK-000177,KDMP-00030,2026-05-31,Pupuk,328,8055000.0
STK-000178,KDMP-00030,2026-06-30,Minyak Goreng,752,14979000.0
STK-000179,KDMP-00030,2026-07-31,Minyak Goreng,869,8837000.0
STK-000180,KDMP-00030,2026-08-13,Minyak Goreng,623,12550000.0
STK-000181,KDMP-00031,2026-03-31,Gula,422,8519000.0
STK-000182,KDMP-00031,2026-04-30,Beras,892,17682000.0
STK-000183,KDMP-00031,2026-05-31,Minyak Goreng,666,5797000.0
STK-000184,KDMP-00031,2026-06-30,Gula,468,10796000.0
STK-000185,KDMP-00031,2026-07-31,Beras,294,5762000.0
STK-000186,KDMP-00031,2026-08-13,Gula,474,5652000.0
STK-000187,KDMP-00032,2026-03-31,Beras,509,11886000.0
STK-000188,KDMP-00032,2026-04-30,Beras,444,9348000.0
STK-000189,KDMP-00032,2026-05-31,Beras,922,8781000.0
STK-000190,KDMP-00032,2026-06-30,Minyak Goreng,524,9609000.0
STK-000191,KDMP-00032,2026-07-31,Beras,888,10397000.0
STK-000192,KDMP-00032,2026-08-13,Pupuk,767,15809000.0
STK-000193,KDMP-00033,2026-03-31,Sembako Campuran,350,3765000.0
STK-000194,KDMP-00033,2026-04-30,Gula,617,14784000.0
STK-000195,KDMP-00033,2026-05-31,Sembako Campuran,551,7845000.0
STK-000196,KDMP-00033,2026-06-30,Gula,968,14617000.0
STK-000197,KDMP-00033,2026-07-31,Gula,835,19327000.0
STK-000198,KDMP-00033,2026-08-13,Sembako Campuran,620,6572000.0
STK-000199,KDMP-00034,2026-03-31,Pupuk,166,2349000.0
STK-000200,KDMP-00034,2026-04-30,Pupuk,282,6011000.0
STK-000201,KDMP-00034,2026-05-31,Minyak Goreng,231,3542000.0
STK-000202,KDMP-00034,2026-06-30,Minyak Goreng,306,3429000.0
STK-000203,KDMP-00034,2026-07-31,Sembako Campuran,245,3219000.0
STK-000204,KDMP-00034,2026-08-13,Minyak Goreng,294,2999000.0
STK-000205,KDMP-00035,2026-03-31,Beras,236,5234000.0
STK-000206,KDMP-00035,2026-04-30,Gula,155,1810000.0
STK-000207,KDMP-00035,2026-05-31,Sembako Campuran,390,8019000.0
STK-000208,KDMP-00035,2026-06-30,Sembako Campuran,202,2136000.0
STK-000209,KDMP-00035,2026-07-31,Sembako Campuran,319,7731000.0
STK-000210,KDMP-00035,2026-08-13,Sembako Campuran,404,7312000.0
STK-000211,KDMP-00036,2026-03-31,Minyak Goreng,271,4046000.0
STK-000212,KDMP-00036,2026-04-30,Sembako Campuran,391,7855000.0
STK-000213,KDMP-00036,2026-05-31,Sembako Campuran,230,2703000.0
STK-000214,KDMP-00036,2026-06-30,Pupuk,181,1860000.0
STK-000215,KDMP-00036,2026-07-31,Pupuk,428,4782000.0
STK-000216,KDMP-00036,2026-08-13,Minyak Goreng,230,2762000.0
STK-000217,KDMP-00037,2026-03-31,Minyak Goreng,473,10339000.0
STK-000218,KDMP-00037,2026-04-30,Sembako Campuran,709,10082000.0
STK-000219,KDMP-00037,2026-05-31,Pupuk,304,7497000.0
STK-000220,KDMP-00037,2026-06-30,Sembako Campuran,480,9779000.0
STK-000221,KDMP-00037,2026-07-31,Gula,459,9884000.0
STK-000222,KDMP-00037,2026-08-13,Pupuk,536,11555000.0
STK-000223,KDMP-00038,2026-03-31,Pupuk,904,21312000.0
STK-000224,KDMP-00038,2026-04-30,Pupuk,562,6788000.0
STK-000225,KDMP-00038,2026-05-31,Gula,906,11420000.0
STK-000226,KDMP-00038,2026-06-30,Beras,713,11798000.0
STK-000227,KDMP-00038,2026-07-31,Minyak Goreng,832,8445000.0
STK-000228,KDMP-00038,2026-08-13,Beras,506,8654000.0
STK-000229,KDMP-00039,2026-03-31,Pupuk,385,9212000.0
STK-000230,KDMP-00039,2026-04-30,Gula,349,3892000.0
STK-000231,KDMP-00039,2026-05-31,Sembako Campuran,215,5156000.0
STK-000232,KDMP-00039,2026-06-30,Beras,200,3119000.0
STK-000233,KDMP-00039,2026-07-31,Pupuk,200,3141000.0
STK-000234,KDMP-00039,2026-08-13,Beras,207,4181000.0
STK-000235,KDMP-00040,2026-03-31,Pupuk,364,8686000.0
STK-000236,KDMP-00040,2026-04-30,Sembako Campuran,523,6538000.0
STK-000237,KDMP-00040,2026-05-31,Gula,420,9766000.0
STK-000238,KDMP-00040,2026-06-30,Pupuk,521,6973000.0
STK-000239,KDMP-00040,2026-07-31,Gula,830,13029000.0
STK-000240,KDMP-00040,2026-08-13,Beras,878,10397000.0
STK-000241,KDMP-00041,2026-03-31,Gula,272,5556000.0
STK-000242,KDMP-00041,2026-04-30,Minyak Goreng,381,9005000.0
STK-000243,KDMP-00041,2026-05-31,Gula,155,3163000.0
STK-000244,KDMP-00041,2026-06-30,Minyak Goreng,350,4471000.0
STK-000245,KDMP-00041,2026-07-31,Minyak Goreng,328,6293000.0
STK-000246,KDMP-00041,2026-08-13,Pupuk,369,7955000.0
STK-000247,KDMP-00042,2026-03-31,Gula,797,18439000.0
STK-000248,KDMP-00042,2026-04-30,Minyak Goreng,582,11016000.0
STK-000249,KDMP-00042,2026-05-31,Sembako Campuran,887,17300000.0
STK-000250,KDMP-00042,2026-06-30,Minyak Goreng,421,8678000.0
STK-000251,KDMP-00042,2026-07-31,Sembako Campuran,396,6217000.0
STK-000252,KDMP-00042,2026-08-13,Minyak Goreng,441,6577000.0
STK-000253,KDMP-00043,2026-03-31,Beras,177,4157000.0
STK-000254,KDMP-00043,2026-04-30,Minyak Goreng,344,4840000.0
STK-000255,KDMP-00043,2026-05-31,Pupuk,389,3528000.0
STK-000256,KDMP-00043,2026-06-30,Beras,218,5391000.0
STK-000257,KDMP-00043,2026-07-31,Minyak Goreng,109,2459000.0
STK-000258,KDMP-00043,2026-08-13,Gula,91,1016000.0
STK-000259,KDMP-00044,2026-03-31,Beras,645,6475000.0
STK-000260,KDMP-00044,2026-04-30,Beras,365,6480000.0
STK-000261,KDMP-00044,2026-05-31,Beras,417,6157000.0
STK-000262,KDMP-00044,2026-06-30,Beras,406,3490000.0
STK-000263,KDMP-00044,2026-07-31,Minyak Goreng,709,9903000.0
STK-000264,KDMP-00044,2026-08-13,Beras,654,15310000.0
STK-000265,KDMP-00045,2026-03-31,Gula,420,8545000.0
STK-000266,KDMP-00045,2026-04-30,Sembako Campuran,535,10821000.0
STK-000267,KDMP-00045,2026-05-31,Minyak Goreng,811,15577000.0
STK-000268,KDMP-00045,2026-06-30,Gula,421,4447000.0
STK-000269,KDMP-00045,2026-07-31,Sembako Campuran,633,14680000.0
STK-000270,KDMP-00045,2026-08-13,Gula,307,4354000.0
STK-000271,KDMP-00046,2026-03-31,Minyak Goreng,365,7771000.0
STK-000272,KDMP-00046,2026-04-30,Gula,193,2288000.0
STK-000273,KDMP-00046,2026-05-31,Gula,200,1718000.0
STK-000274,KDMP-00046,2026-06-30,Beras,123,3025000.0
STK-000275,KDMP-00046,2026-07-31,Beras,229,3770000.0
STK-000276,KDMP-00046,2026-08-13,Minyak Goreng,364,8047000.0
STK-000277,KDMP-00047,2026-03-31,Minyak Goreng,351,5740000.0
STK-000278,KDMP-00047,2026-04-30,Sembako Campuran,502,11230000.0
STK-000279,KDMP-00047,2026-05-31,Minyak Goreng,829,16184000.0
STK-000280,KDMP-00047,2026-06-30,Gula,914,14972000.0
STK-000281,KDMP-00047,2026-07-31,Pupuk,821,14023000.0
STK-000282,KDMP-00047,2026-08-13,Pupuk,620,8378000.0
STK-000283,KDMP-00048,2026-03-31,Minyak Goreng,34,833000.0
STK-000284,KDMP-00048,2026-04-30,Minyak Goreng,173,1801000.0
STK-000285,KDMP-00048,2026-05-31,Sembako Campuran,79,1484000.0
STK-000286,KDMP-00048,2026-06-30,Sembako Campuran,122,1694000.0
STK-000287,KDMP-00048,2026-07-31,Minyak Goreng,84,2087000.0
STK-000288,KDMP-00048,2026-08-13,Gula,85,1265000.0
STK-000289,KDMP-00049,2026-03-31,Pupuk,780,19406000.0
STK-000290,KDMP-00049,2026-04-30,Minyak Goreng,654,15241000.0
STK-000291,KDMP-00049,2026-05-31,Minyak Goreng,727,14740000.0
STK-000292,KDMP-00049,2026-06-30,Pupuk,629,10716000.0
STK-000293,KDMP-00049,2026-07-31,Minyak Goreng,760,9643000.0
STK-000294,KDMP-00049,2026-08-13,Sembako Campuran,632,7518000.0
STK-000295,KDMP-00050,2026-03-31,Pupuk,91,1739000.0
STK-000296,KDMP-00050,2026-04-30,Gula,102,940000.0
STK-000297,KDMP-00050,2026-05-31,Pupuk,85,1415000.0
STK-000298,KDMP-00050,2026-06-30,Gula,36,795000.0
STK-000299,KDMP-00050,2026-07-31,Pupuk,67,893000.0
STK-000300,KDMP-00050,2026-08-13,Sembako Campuran,9,121000.0
STK-000301,KDMP-00051,2026-03-31,Beras,266,4960000.0
STK-000302,KDMP-00051,2026-04-30,Beras,445,9010000.0
STK-000303,KDMP-00051,2026-05-31,Pupuk,640,12445000.0
STK-000304,KDMP-00051,2026-06-30,Beras,3,72000.0
STK-000305,KDMP-00051,2026-07-31,Sembako Campuran,64,1583000.0
STK-000306,KDMP-00051,2026-08-13,Minyak Goreng,97,1366000.0
STK-000307,KDMP-00052,2026-03-31,Beras,315,6864000.0
STK-000308,KDMP-00052,2026-04-30,Beras,230,2459000.0
STK-000309,KDMP-00052,2026-05-31,Minyak Goreng,332,5456000.0
STK-000310,KDMP-00052,2026-06-30,Minyak Goreng,152,2011000.0
STK-000311,KDMP-00052,2026-07-31,Sembako Campuran,335,5129000.0
STK-000312,KDMP-00052,2026-08-13,Gula,264,5017000.0
STK-000313,KDMP-00053,2026-03-31,Beras,153,2458000.0
STK-000314,KDMP-00053,2026-04-30,Beras,73,1184000.0
STK-000315,KDMP-00053,2026-05-31,Gula,150,1673000.0
STK-000316,KDMP-00053,2026-06-30,Pupuk,89,755000.0
STK-000317,KDMP-00053,2026-07-31,Gula,111,1897000.0
STK-000318,KDMP-00053,2026-08-13,Minyak Goreng,41,493000.0
STK-000319,KDMP-00054,2026-03-31,Pupuk,913,21275000.0
STK-000320,KDMP-00054,2026-04-30,Gula,666,12460000.0
STK-000321,KDMP-00054,2026-05-31,Sembako Campuran,383,9274000.0
STK-000322,KDMP-00054,2026-06-30,Beras,357,3613000.0
STK-000323,KDMP-00054,2026-07-31,Beras,449,6279000.0
STK-000324,KDMP-00054,2026-08-13,Pupuk,393,5670000.0
STK-000325,KDMP-00055,2026-03-31,Gula,69,1633000.0
STK-000326,KDMP-00055,2026-04-30,Sembako Campuran,7,73000.0
STK-000327,KDMP-00055,2026-05-31,Gula,46,794000.0
STK-000328,KDMP-00055,2026-06-30,Gula,45,703000.0
STK-000329,KDMP-00055,2026-07-31,Minyak Goreng,144,1370000.0
STK-000330,KDMP-00055,2026-08-13,Beras,51,1007000.0
STK-000331,KDMP-00056,2026-03-31,Minyak Goreng,146,1225000.0
STK-000332,KDMP-00056,2026-04-30,Beras,251,4015000.0
STK-000333,KDMP-00056,2026-05-31,Gula,214,2703000.0
STK-000334,KDMP-00056,2026-06-30,Beras,407,6310000.0
STK-000335,KDMP-00056,2026-07-31,Sembako Campuran,336,4733000.0
STK-000336,KDMP-00056,2026-08-13,Pupuk,231,2657000.0
STK-000337,KDMP-00057,2026-03-31,Pupuk,236,2607000.0
STK-000338,KDMP-00057,2026-04-30,Minyak Goreng,203,3221000.0
STK-000339,KDMP-00057,2026-05-31,Pupuk,168,1568000.0
STK-000340,KDMP-00057,2026-06-30,Sembako Campuran,393,7291000.0
STK-000341,KDMP-00057,2026-07-31,Pupuk,399,7341000.0
STK-000342,KDMP-00057,2026-08-13,Pupuk,312,4801000.0
STK-000343,KDMP-00058,2026-03-31,Pupuk,89,2035000.0
STK-000344,KDMP-00058,2026-04-30,Beras,40,495000.0
STK-000345,KDMP-00058,2026-05-31,Sembako Campuran,45,453000.0
STK-000346,KDMP-00058,2026-06-30,Minyak Goreng,98,2038000.0
STK-000347,KDMP-00058,2026-07-31,Sembako Campuran,169,2095000.0
STK-000348,KDMP-00058,2026-08-13,Gula,41,942000.0
STK-000349,KDMP-00059,2026-03-31,Sembako Campuran,255,4971000.0
STK-000350,KDMP-00059,2026-04-30,Sembako Campuran,171,3093000.0
STK-000351,KDMP-00059,2026-05-31,Minyak Goreng,285,4591000.0
STK-000352,KDMP-00059,2026-06-30,Sembako Campuran,337,5751000.0
STK-000353,KDMP-00059,2026-07-31,Minyak Goreng,388,3762000.0
STK-000354,KDMP-00059,2026-08-13,Sembako Campuran,113,2622000.0
STK-000355,KDMP-00060,2026-03-31,Gula,160,1751000.0
STK-000356,KDMP-00060,2026-04-30,Sembako Campuran,286,3753000.0
STK-000357,KDMP-00060,2026-05-31,Gula,187,3752000.0
STK-000358,KDMP-00060,2026-06-30,Minyak Goreng,209,3753000.0
STK-000359,KDMP-00060,2026-07-31,Sembako Campuran,82,1077000.0
STK-000360,KDMP-00060,2026-08-13,Minyak Goreng,128,3045000.0
STK-000361,KDMP-00061,2026-03-31,Beras,327,2920000.0
STK-000362,KDMP-00061,2026-04-30,Minyak Goreng,565,7937000.0
STK-000363,KDMP-00061,2026-05-31,Pupuk,410,9301000.0
STK-000364,KDMP-00061,2026-06-30,Sembako Campuran,895,15205000.0
STK-000365,KDMP-00061,2026-07-31,Gula,546,7500000.0
STK-000366,KDMP-00061,2026-08-13,Beras,844,12925000.0
STK-000367,KDMP-00062,2026-03-31,Pupuk,99,2381000.0
STK-000368,KDMP-00062,2026-04-30,Pupuk,86,965000.0
STK-000369,KDMP-00062,2026-05-31,Sembako Campuran,33,305000.0
STK-000370,KDMP-00062,2026-06-30,Minyak Goreng,7,80000.0
STK-000371,KDMP-00062,2026-07-31,Minyak Goreng,57,1360000.0
STK-000372,KDMP-00062,2026-08-13,Pupuk,34,451000.0
STK-000373,KDMP-00063,2026-03-31,Beras,158,3026000.0
STK-000374,KDMP-00063,2026-04-30,Gula,241,4854000.0
STK-000375,KDMP-00063,2026-05-31,Gula,289,6247000.0
STK-000376,KDMP-00063,2026-06-30,Sembako Campuran,292,2475000.0
STK-000377,KDMP-00063,2026-07-31,Minyak Goreng,470,8962000.0
STK-000378,KDMP-00063,2026-08-13,Beras,246,5118000.0
STK-000379,KDMP-00064,2026-03-31,Gula,729,6943000.0
STK-000380,KDMP-00064,2026-04-30,Minyak Goreng,466,7418000.0
STK-000381,KDMP-00064,2026-05-31,Beras,529,11799000.0
STK-000382,KDMP-00064,2026-06-30,Pupuk,579,12422000.0
STK-000383,KDMP-00064,2026-07-31,Sembako Campuran,434,9486000.0
STK-000384,KDMP-00064,2026-08-13,Gula,602,8279000.0
STK-000385,KDMP-00065,2026-03-31,Minyak Goreng,402,8368000.0
STK-000386,KDMP-00065,2026-04-30,Sembako Campuran,158,3934000.0
STK-000387,KDMP-00065,2026-05-31,Pupuk,125,1035000.0
STK-000388,KDMP-00065,2026-06-30,Beras,331,3861000.0
STK-000389,KDMP-00065,2026-07-31,Gula,127,1564000.0
STK-000390,KDMP-00065,2026-08-13,Gula,203,2048000.0
STK-000391,KDMP-00066,2026-03-31,Gula,68,1487000.0
STK-000392,KDMP-00066,2026-04-30,Sembako Campuran,24,387000.0
STK-000393,KDMP-00066,2026-05-31,Beras,114,1395000.0
STK-000394,KDMP-00066,2026-06-30,Beras,76,880000.0
STK-000395,KDMP-00066,2026-07-31,Sembako Campuran,21,250000.0
STK-000396,KDMP-00066,2026-08-13,Minyak Goreng,25,407000.0
STK-000397,KDMP-00067,2026-03-31,Minyak Goreng,302,7128000.0
STK-000398,KDMP-00067,2026-04-30,Sembako Campuran,465,7344000.0
STK-000399,KDMP-00067,2026-05-31,Beras,760,17931000.0
STK-000400,KDMP-00067,2026-06-30,Minyak Goreng,684,16607000.0
STK-000401,KDMP-00067,2026-07-31,Gula,890,8005000.0
STK-000402,KDMP-00067,2026-08-13,Gula,602,13854000.0
STK-000403,KDMP-00068,2026-03-31,Gula,659,14590000.0
STK-000404,KDMP-00068,2026-04-30,Pupuk,603,8116000.0
STK-000405,KDMP-00068,2026-05-31,Minyak Goreng,609,13490000.0
STK-000406,KDMP-00068,2026-06-30,Sembako Campuran,365,5152000.0
STK-000407,KDMP-00068,2026-07-31,Gula,872,13509000.0
STK-000408,KDMP-00068,2026-08-13,Beras,630,14381000.0
STK-000409,KDMP-00069,2026-03-31,Sembako Campuran,44,382000.0
STK-000410,KDMP-00069,2026-04-30,Sembako Campuran,54,794000.0
STK-000411,KDMP-00069,2026-05-31,Minyak Goreng,37,615000.0
STK-000412,KDMP-00069,2026-06-30,Gula,79,1474000.0
STK-000413,KDMP-00069,2026-07-31,Beras,143,3075000.0
STK-000414,KDMP-00069,2026-08-13,Sembako Campuran,12,106000.0
STK-000415,KDMP-00070,2026-03-31,Pupuk,309,3710000.0
STK-000416,KDMP-00070,2026-04-30,Sembako Campuran,322,6995000.0
STK-000417,KDMP-00070,2026-05-31,Beras,329,8091000.0
STK-000418,KDMP-00070,2026-06-30,Pupuk,113,2488000.0
STK-000419,KDMP-00070,2026-07-31,Sembako Campuran,264,6297000.0
STK-000420,KDMP-00070,2026-08-13,Sembako Campuran,87,2133000.0
STK-000421,KDMP-00071,2026-03-31,Beras,575,10447000.0
STK-000422,KDMP-00071,2026-04-30,Gula,431,4489000.0
STK-000423,KDMP-00071,2026-05-31,Sembako Campuran,783,9589000.0
STK-000424,KDMP-00071,2026-06-30,Pupuk,140,1979000.0
STK-000425,KDMP-00071,2026-07-31,Pupuk,104,1143000.0
STK-000426,KDMP-00071,2026-08-13,Gula,126,2891000.0
STK-000427,KDMP-00072,2026-03-31,Beras,186,2106000.0
STK-000428,KDMP-00072,2026-04-30,Pupuk,362,4141000.0
STK-000429,KDMP-00072,2026-05-31,Beras,234,5471000.0
STK-000430,KDMP-00072,2026-06-30,Sembako Campuran,341,5621000.0
STK-000431,KDMP-00072,2026-07-31,Beras,216,2723000.0
STK-000432,KDMP-00072,2026-08-13,Gula,130,1867000.0
STK-000433,KDMP-00073,2026-03-31,Pupuk,328,3022000.0
STK-000434,KDMP-00073,2026-04-30,Sembako Campuran,292,4802000.0
STK-000435,KDMP-00073,2026-05-31,Minyak Goreng,178,2717000.0
STK-000436,KDMP-00073,2026-06-30,Gula,341,7024000.0
STK-000437,KDMP-00073,2026-07-31,Gula,163,3857000.0
STK-000438,KDMP-00073,2026-08-13,Sembako Campuran,162,3808000.0
STK-000439,KDMP-00074,2026-03-31,Pupuk,159,3666000.0
STK-000440,KDMP-00074,2026-04-30,Beras,132,2413000.0
STK-000441,KDMP-00074,2026-05-31,Minyak Goreng,266,6322000.0
STK-000442,KDMP-00074,2026-06-30,Gula,159,2144000.0
STK-000443,KDMP-00074,2026-07-31,Sembako Campuran,172,2305000.0
STK-000444,KDMP-00074,2026-08-13,Minyak Goreng,290,4604000.0
STK-000445,KDMP-00075,2026-03-31,Pupuk,125,2323000.0
STK-000446,KDMP-00075,2026-04-30,Gula,328,2862000.0
STK-000447,KDMP-00075,2026-05-31,Beras,257,4780000.0
STK-000448,KDMP-00075,2026-06-30,Minyak Goreng,288,2779000.0
STK-000449,KDMP-00075,2026-07-31,Beras,213,3653000.0
STK-000450,KDMP-00075,2026-08-13,Minyak Goreng,311,6991000.0
STK-000451,KDMP-00076,2026-03-31,Beras,410,8988000.0
STK-000452,KDMP-00076,2026-04-30,Minyak Goreng,366,8837000.0
STK-000453,KDMP-00076,2026-05-31,Beras,553,7207000.0
STK-000454,KDMP-00076,2026-06-30,Sembako Campuran,649,14788000.0
STK-000455,KDMP-00076,2026-07-31,Beras,590,8747000.0
STK-000456,KDMP-00076,2026-08-13,Pupuk,598,10181000.0
STK-000457,KDMP-00077,2026-03-31,Pupuk,244,3235000.0
STK-000458,KDMP-00077,2026-04-30,Beras,691,13442000.0
STK-000459,KDMP-00077,2026-05-31,Gula,396,9416000.0
STK-000460,KDMP-00077,2026-06-30,Pupuk,620,7538000.0
STK-000461,KDMP-00077,2026-07-31,Gula,861,20936000.0
STK-000462,KDMP-00077,2026-08-13,Beras,959,19882000.0
STK-000463,KDMP-00078,2026-03-31,Minyak Goreng,237,2773000.0
STK-000464,KDMP-00078,2026-04-30,Minyak Goreng,121,2881000.0
STK-000465,KDMP-00078,2026-05-31,Beras,150,1244000.0
STK-000466,KDMP-00078,2026-06-30,Minyak Goreng,154,1894000.0
STK-000467,KDMP-00078,2026-07-31,Sembako Campuran,180,3682000.0
STK-000468,KDMP-00078,2026-08-13,Beras,369,8359000.0
STK-000469,KDMP-00079,2026-03-31,Gula,119,1855000.0
STK-000470,KDMP-00079,2026-04-30,Sembako Campuran,91,1676000.0
STK-000471,KDMP-00079,2026-05-31,Minyak Goreng,15,161000.0
STK-000472,KDMP-00079,2026-06-30,Gula,76,682000.0
STK-000473,KDMP-00079,2026-07-31,Minyak Goreng,3,59000.0
STK-000474,KDMP-00079,2026-08-13,Minyak Goreng,10,139000.0
STK-000475,KDMP-00080,2026-03-31,Gula,284,3206000.0
STK-000476,KDMP-00080,2026-04-30,Beras,138,1859000.0
STK-000477,KDMP-00080,2026-05-31,Sembako Campuran,164,1993000.0
STK-000478,KDMP-00080,2026-06-30,Pupuk,296,2378000.0
STK-000479,KDMP-00080,2026-07-31,Sembako Campuran,167,2523000.0
STK-000480,KDMP-00080,2026-08-13,Beras,316,6650000.0
STK-000481,KDMP-00081,2026-03-31,Minyak Goreng,54,1072000.0
STK-000482,KDMP-00081,2026-04-30,Minyak Goreng,121,2888000.0
STK-000483,KDMP-00081,2026-05-31,Sembako Campuran,78,1804000.0
STK-000484,KDMP-00081,2026-06-30,Minyak Goreng,59,1264000.0
STK-000485,KDMP-00081,2026-07-31,Beras,68,1585000.0
STK-000486,KDMP-00081,2026-08-13,Sembako Campuran,95,2186000.0
STK-000487,KDMP-00082,2026-03-31,Minyak Goreng,88,1853000.0
STK-000488,KDMP-00082,2026-04-30,Pupuk,13,200000.0
STK-000489,KDMP-00082,2026-05-31,Minyak Goreng,16,393000.0
STK-000490,KDMP-00082,2026-06-30,Minyak Goreng,72,768000.0
STK-000491,KDMP-00082,2026-07-31,Sembako Campuran,27,525000.0
STK-000492,KDMP-00082,2026-08-13,Gula,43,1000000.0
STK-000493,KDMP-00083,2026-03-31,Gula,400,3630000.0
STK-000494,KDMP-00083,2026-04-30,Beras,395,8104000.0
STK-000495,KDMP-00083,2026-05-31,Beras,349,5717000.0
STK-000496,KDMP-00083,2026-06-30,Pupuk,209,3907000.0
STK-000497,KDMP-00083,2026-07-31,Sembako Campuran,131,2462000.0
STK-000498,KDMP-00083,2026-08-13,Minyak Goreng,228,4976000.0
STK-000499,KDMP-00084,2026-03-31,Gula,709,11302000.0
STK-000500,KDMP-00084,2026-04-30,Beras,404,9538000.0
STK-000501,KDMP-00084,2026-05-31,Sembako Campuran,637,11372000.0
STK-000502,KDMP-00084,2026-06-30,Gula,83,1086000.0
STK-000503,KDMP-00084,2026-07-31,Minyak Goreng,95,2360000.0
STK-000504,KDMP-00084,2026-08-13,Gula,59,1170000.0
STK-000505,KDMP-00085,2026-03-31,Pupuk,336,6182000.0
STK-000506,KDMP-00085,2026-04-30,Minyak Goreng,149,2012000.0
STK-000507,KDMP-00085,2026-05-31,Minyak Goreng,252,4439000.0
STK-000508,KDMP-00085,2026-06-30,Gula,177,2237000.0
STK-000509,KDMP-00085,2026-07-31,Pupuk,126,1960000.0
STK-000510,KDMP-00085,2026-08-13,Gula,304,5573000.0
STK-000511,KDMP-00086,2026-03-31,Gula,558,11719000.0
STK-000512,KDMP-00086,2026-04-30,Gula,879,11582000.0
STK-000513,KDMP-00086,2026-05-31,Beras,546,4568000.0
STK-000514,KDMP-00086,2026-06-30,Gula,290,3833000.0
STK-000515,KDMP-00086,2026-07-31,Sembako Campuran,208,3849000.0
STK-000516,KDMP-00086,2026-08-13,Minyak Goreng,189,4576000.0
STK-000517,KDMP-00087,2026-03-31,Beras,978,21906000.0
STK-000518,KDMP-00087,2026-04-30,Sembako Campuran,468,10418000.0
STK-000519,KDMP-00087,2026-05-31,Sembako Campuran,529,7817000.0
STK-000520,KDMP-00087,2026-06-30,Pupuk,531,13250000.0
STK-000521,KDMP-00087,2026-07-31,Pupuk,484,6054000.0
STK-000522,KDMP-00087,2026-08-13,Sembako Campuran,377,7264000.0
STK-000523,KDMP-00088,2026-03-31,Minyak Goreng,457,6194000.0
STK-000524,KDMP-00088,2026-04-30,Gula,364,3106000.0
STK-000525,KDMP-00088,2026-05-31,Pupuk,221,3258000.0
STK-000526,KDMP-00088,2026-06-30,Sembako Campuran,320,2658000.0
STK-000527,KDMP-00088,2026-07-31,Sembako Campuran,187,2299000.0
STK-000528,KDMP-00088,2026-08-13,Sembako Campuran,106,1850000.0
STK-000529,KDMP-00089,2026-03-31,Beras,127,2453000.0
STK-000530,KDMP-00089,2026-04-30,Sembako Campuran,163,3562000.0
STK-000531,KDMP-00089,2026-05-31,Beras,250,4013000.0
STK-000532,KDMP-00089,2026-06-30,Beras,244,5542000.0
STK-000533,KDMP-00089,2026-07-31,Beras,405,8667000.0
STK-000534,KDMP-00089,2026-08-13,Gula,199,3891000.0
STK-000535,KDMP-00090,2026-03-31,Sembako Campuran,673,12159000.0
STK-000536,KDMP-00090,2026-04-30,Pupuk,439,10312000.0
STK-000537,KDMP-00090,2026-05-31,Sembako Campuran,336,4179000.0
STK-000538,KDMP-00090,2026-06-30,Pupuk,449,7724000.0
STK-000539,KDMP-00090,2026-07-31,Gula,468,7743000.0
STK-000540,KDMP-00090,2026-08-13,Sembako Campuran,578,11047000.0
STK-000541,KDMP-00091,2026-03-31,Beras,277,5243000.0
STK-000542,KDMP-00091,2026-04-30,Pupuk,288,3303000.0
STK-000543,KDMP-00091,2026-05-31,Pupuk,160,1908000.0
STK-000544,KDMP-00091,2026-06-30,Sembako Campuran,320,3276000.0
STK-000545,KDMP-00091,2026-07-31,Pupuk,185,2343000.0
STK-000546,KDMP-00091,2026-08-13,Pupuk,190,4521000.0
STK-000547,KDMP-00092,2026-03-31,Minyak Goreng,358,5163000.0
STK-000548,KDMP-00092,2026-04-30,Gula,346,6364000.0
STK-000549,KDMP-00092,2026-05-31,Minyak Goreng,170,4055000.0
STK-000550,KDMP-00092,2026-06-30,Beras,337,3411000.0
STK-000551,KDMP-00092,2026-07-31,Pupuk,174,3271000.0
STK-000552,KDMP-00092,2026-08-13,Gula,127,2093000.0
STK-000553,KDMP-00093,2026-03-31,Pupuk,35,452000.0
STK-000554,KDMP-00093,2026-04-30,Minyak Goreng,27,417000.0
STK-000555,KDMP-00093,2026-05-31,Minyak Goreng,105,1254000.0
STK-000556,KDMP-00093,2026-06-30,Minyak Goreng,72,676000.0
STK-000557,KDMP-00093,2026-07-31,Minyak Goreng,117,1370000.0
STK-000558,KDMP-00093,2026-08-13,Beras,164,2973000.0
STK-000559,KDMP-00094,2026-03-31,Beras,62,1190000.0
STK-000560,KDMP-00094,2026-04-30,Gula,11,222000.0
STK-000561,KDMP-00094,2026-05-31,Gula,111,1158000.0
STK-000562,KDMP-00094,2026-06-30,Sembako Campuran,239,3012000.0
STK-000563,KDMP-00094,2026-07-31,Pupuk,306,5339000.0
STK-000564,KDMP-00094,2026-08-13,Pupuk,170,3049000.0
STK-000565,KDMP-00095,2026-03-31,Pupuk,541,5615000.0
STK-000566,KDMP-00095,2026-04-30,Gula,279,4615000.0
STK-000567,KDMP-00095,2026-05-31,Pupuk,314,2867000.0
STK-000568,KDMP-00095,2026-06-30,Pupuk,682,12838000.0
STK-000569,KDMP-00095,2026-07-31,Pupuk,383,5982000.0
STK-000570,KDMP-00095,2026-08-13,Minyak Goreng,510,7254000.0
STK-000571,KDMP-00096,2026-03-31,Sembako Campuran,15,232000.0
STK-000572,KDMP-00096,2026-04-30,Gula,110,1433000.0
STK-000573,KDMP-00096,2026-05-31,Sembako Campuran,74,1476000.0
STK-000574,KDMP-00096,2026-06-30,Sembako Campuran,39,874000.0
STK-000575,KDMP-00096,2026-07-31,Sembako Campuran,53,864000.0
STK-000576,KDMP-00096,2026-08-13,Gula,32,544000.0
STK-000577,KDMP-00097,2026-03-31,Minyak Goreng,312,6147000.0
STK-000578,KDMP-00097,2026-04-30,Minyak Goreng,283,5155000.0
STK-000579,KDMP-00097,2026-05-31,Sembako Campuran,129,2072000.0
STK-000580,KDMP-00097,2026-06-30,Pupuk,374,6532000.0
STK-000581,KDMP-00097,2026-07-31,Beras,269,4325000.0
STK-000582,KDMP-00097,2026-08-13,Beras,264,2938000.0
STK-000583,KDMP-00098,2026-03-31,Gula,424,8376000.0
STK-000584,KDMP-00098,2026-04-30,Minyak Goreng,719,17078000.0
STK-000585,KDMP-00098,2026-05-31,Beras,750,12526000.0
STK-000586,KDMP-00098,2026-06-30,Gula,697,9797000.0
STK-000587,KDMP-00098,2026-07-31,Beras,324,4693000.0
STK-000588,KDMP-00098,2026-08-13,Minyak Goreng,373,5387000.0
STK-000589,KDMP-00099,2026-03-31,Pupuk,236,5628000.0
STK-000590,KDMP-00099,2026-04-30,Sembako Campuran,329,3396000.0
STK-000591,KDMP-00099,2026-05-31,Gula,374,6992000.0
STK-000592,KDMP-00099,2026-06-30,Sembako Campuran,356,3167000.0
STK-000593,KDMP-00099,2026-07-31,Beras,346,6824000.0
STK-000594,KDMP-00099,2026-08-13,Minyak Goreng,261,3598000.0
STK-000595,KDMP-00100,2026-03-31,Pupuk,58,695000.0
STK-000596,KDMP-00100,2026-04-30,Gula,81,1392000.0
STK-000597,KDMP-00100,2026-05-31,Pupuk,41,528000.0
STK-000598,KDMP-00100,2026-06-30,Sembako Campuran,110,1842000.0
STK-000599,KDMP-00100,2026-07-31,Sembako Campuran,121,2821000.0
STK-000600,KDMP-00100,2026-08-13,Sembako Campuran,111,1715000.0
STK-000601,KDMP-00101,2026-03-31,Gula,71,1504000.0
STK-000602,KDMP-00101,2026-04-30,Sembako Campuran,110,1532000.0
STK-000603,KDMP-00101,2026-05-31,Sembako Campuran,69,682000.0
STK-000604,KDMP-00101,2026-06-30,Sembako Campuran,299,4634000.0
STK-000605,KDMP-00101,2026-07-31,Beras,458,8805000.0
STK-000606,KDMP-00101,2026-08-13,Sembako Campuran,321,5517000.0
STK-000607,KDMP-00102,2026-03-31,Beras,192,1803000.0
STK-000608,KDMP-00102,2026-04-30,Pupuk,294,4997000.0
STK-000609,KDMP-00102,2026-05-31,Minyak Goreng,346,7414000.0
STK-000610,KDMP-00102,2026-06-30,Gula,335,3590000.0
STK-000611,KDMP-00102,2026-07-31,Minyak Goreng,183,2031000.0
STK-000612,KDMP-00102,2026-08-13,Gula,224,3707000.0
STK-000613,KDMP-00103,2026-03-31,Minyak Goreng,394,3701000.0
STK-000614,KDMP-00103,2026-04-30,Beras,911,20209000.0
STK-000615,KDMP-00103,2026-05-31,Beras,812,14453000.0
STK-000616,KDMP-00103,2026-06-30,Sembako Campuran,702,16559000.0
STK-000617,KDMP-00103,2026-07-31,Gula,411,4024000.0
STK-000618,KDMP-00103,2026-08-13,Gula,530,5572000.0
STK-000619,KDMP-00104,2026-03-31,Pupuk,69,811000.0
STK-000620,KDMP-00104,2026-04-30,Sembako Campuran,94,1252000.0
STK-000621,KDMP-00104,2026-05-31,Beras,3,61000.0
STK-000622,KDMP-00104,2026-06-30,Gula,108,1222000.0
STK-000623,KDMP-00104,2026-07-31,Minyak Goreng,113,1138000.0
STK-000624,KDMP-00104,2026-08-13,Sembako Campuran,15,183000.0
STK-000625,KDMP-00105,2026-03-31,Minyak Goreng,306,4915000.0
STK-000626,KDMP-00105,2026-04-30,Gula,229,2304000.0
STK-000627,KDMP-00105,2026-05-31,Sembako Campuran,119,2026000.0
STK-000628,KDMP-00105,2026-06-30,Beras,324,6542000.0
STK-000629,KDMP-00105,2026-07-31,Minyak Goreng,97,1000000.0
STK-000630,KDMP-00105,2026-08-13,Pupuk,117,1075000.0
STK-000631,KDMP-00106,2026-03-31,Minyak Goreng,844,14370000.0
STK-000632,KDMP-00106,2026-04-30,Beras,528,12437000.0
STK-000633,KDMP-00106,2026-05-31,Gula,480,9720000.0
STK-000634,KDMP-00106,2026-06-30,Sembako Campuran,431,5221000.0
STK-000635,KDMP-00106,2026-07-31,Pupuk,278,3802000.0
STK-000636,KDMP-00106,2026-08-13,Gula,970,21637000.0
STK-000637,KDMP-00107,2026-03-31,Minyak Goreng,449,5820000.0
STK-000638,KDMP-00107,2026-04-30,Gula,376,5474000.0
STK-000639,KDMP-00107,2026-05-31,Pupuk,517,5770000.0
STK-000640,KDMP-00107,2026-06-30,Minyak Goreng,399,5768000.0
STK-000641,KDMP-00107,2026-07-31,Minyak Goreng,775,6761000.0
STK-000642,KDMP-00107,2026-08-13,Minyak Goreng,1103,17666000.0
STK-000643,KDMP-00108,2026-03-31,Gula,806,13912000.0
STK-000644,KDMP-00108,2026-04-30,Pupuk,759,11360000.0
STK-000645,KDMP-00108,2026-05-31,Gula,516,8700000.0
STK-000646,KDMP-00108,2026-06-30,Gula,482,10550000.0
STK-000647,KDMP-00108,2026-07-31,Gula,765,14228000.0
STK-000648,KDMP-00108,2026-08-13,Pupuk,539,12482000.0
STK-000649,KDMP-00109,2026-03-31,Gula,146,3449000.0
STK-000650,KDMP-00109,2026-04-30,Beras,7,100000.0
STK-000651,KDMP-00109,2026-05-31,Minyak Goreng,87,1505000.0
STK-000652,KDMP-00109,2026-06-30,Gula,27,337000.0
STK-000653,KDMP-00109,2026-07-31,Sembako Campuran,46,1098000.0
STK-000654,KDMP-00109,2026-08-13,Pupuk,27,335000.0
STK-000655,KDMP-00110,2026-03-31,Sembako Campuran,57,1017000.0
STK-000656,KDMP-00110,2026-04-30,Gula,25,209000.0
STK-000657,KDMP-00110,2026-05-31,Pupuk,6,99000.0
STK-000658,KDMP-00110,2026-06-30,Sembako Campuran,137,2631000.0
STK-000659,KDMP-00110,2026-07-31,Minyak Goreng,119,959000.0
STK-000660,KDMP-00110,2026-08-13,Sembako Campuran,92,2078000.0
STK-000661,KDMP-00111,2026-03-31,Pupuk,241,5497000.0
STK-000662,KDMP-00111,2026-04-30,Pupuk,240,5311000.0
STK-000663,KDMP-00111,2026-05-31,Gula,343,3536000.0
STK-000664,KDMP-00111,2026-06-30,Gula,38,431000.0
STK-000665,KDMP-00111,2026-07-31,Beras,171,4232000.0
STK-000666,KDMP-00111,2026-08-13,Beras,161,3534000.0
STK-000667,KDMP-00112,2026-03-31,Sembako Campuran,428,7722000.0
STK-000668,KDMP-00112,2026-04-30,Gula,303,3483000.0
STK-000669,KDMP-00112,2026-05-31,Minyak Goreng,313,7622000.0
STK-000670,KDMP-00112,2026-06-30,Gula,160,2052000.0
STK-000671,KDMP-00112,2026-07-31,Beras,584,5608000.0
STK-000672,KDMP-00112,2026-08-13,Pupuk,433,4294000.0
STK-000673,KDMP-00113,2026-03-31,Beras,116,2650000.0
STK-000674,KDMP-00113,2026-04-30,Pupuk,18,185000.0
STK-000675,KDMP-00113,2026-05-31,Beras,154,3651000.0
STK-000676,KDMP-00113,2026-06-30,Beras,26,592000.0
STK-000677,KDMP-00113,2026-07-31,Gula,111,1560000.0
STK-000678,KDMP-00113,2026-08-13,Beras,37,472000.0
STK-000679,KDMP-00114,2026-03-31,Pupuk,768,15146000.0
STK-000680,KDMP-00114,2026-04-30,Minyak Goreng,422,5318000.0
STK-000681,KDMP-00114,2026-05-31,Gula,703,6335000.0
STK-000682,KDMP-00114,2026-06-30,Minyak Goreng,183,4434000.0
STK-000683,KDMP-00114,2026-07-31,Beras,136,3289000.0
STK-000684,KDMP-00114,2026-08-13,Gula,209,3359000.0
STK-000685,KDMP-00115,2026-03-31,Minyak Goreng,647,11493000.0
STK-000686,KDMP-00115,2026-04-30,Pupuk,402,9994000.0
STK-000687,KDMP-00115,2026-05-31,Minyak Goreng,401,3303000.0
STK-000688,KDMP-00115,2026-06-30,Sembako Campuran,141,2407000.0
STK-000689,KDMP-00115,2026-07-31,Gula,177,2567000.0
STK-000690,KDMP-00115,2026-08-13,Beras,255,2258000.0
STK-000691,KDMP-00116,2026-03-31,Minyak Goreng,502,9943000.0
STK-000692,KDMP-00116,2026-04-30,Beras,782,16613000.0
STK-000693,KDMP-00116,2026-05-31,Gula,782,9399000.0
STK-000694,KDMP-00116,2026-06-30,Gula,357,5043000.0
STK-000695,KDMP-00116,2026-07-31,Gula,710,5800000.0
STK-000696,KDMP-00116,2026-08-13,Gula,485,4374000.0
STK-000697,KDMP-00117,2026-03-31,Beras,47,1014000.0
STK-000698,KDMP-00117,2026-04-30,Beras,63,1163000.0
STK-000699,KDMP-00117,2026-05-31,Minyak Goreng,110,2104000.0
STK-000700,KDMP-00117,2026-06-30,Gula,15,258000.0
STK-000701,KDMP-00117,2026-07-31,Beras,113,1812000.0
STK-000702,KDMP-00117,2026-08-13,Beras,77,859000.0
STK-000703,KDMP-00118,2026-03-31,Pupuk,566,12900000.0
STK-000704,KDMP-00118,2026-04-30,Beras,870,21732000.0
STK-000705,KDMP-00118,2026-05-31,Beras,612,15225000.0
STK-000706,KDMP-00118,2026-06-30,Minyak Goreng,257,3178000.0
STK-000707,KDMP-00118,2026-07-31,Minyak Goreng,646,6757000.0
STK-000708,KDMP-00118,2026-08-13,Minyak Goreng,315,6732000.0
STK-000709,KDMP-00119,2026-03-31,Beras,261,4963000.0
STK-000710,KDMP-00119,2026-04-30,Pupuk,311,7306000.0
STK-000711,KDMP-00119,2026-05-31,Beras,372,7609000.0
STK-000712,KDMP-00119,2026-06-30,Gula,501,11020000.0
STK-000713,KDMP-00119,2026-07-31,Minyak Goreng,272,2281000.0
STK-000714,KDMP-00119,2026-08-13,Minyak Goreng,354,4733000.0
STK-000715,KDMP-00120,2026-03-31,Gula,55,514000.0
STK-000716,KDMP-00120,2026-04-30,Minyak Goreng,38,664000.0
STK-000717,KDMP-00120,2026-05-31,Sembako Campuran,45,889000.0
STK-000718,KDMP-00120,2026-06-30,Beras,17,147000.0
STK-000719,KDMP-00120,2026-07-31,Sembako Campuran,103,1384000.0
STK-000720,KDMP-00120,2026-08-13,Gula,157,1712000.0
STK-000721,KDMP-00121,2026-03-31,Pupuk,547,11420000.0
STK-000722,KDMP-00121,2026-04-30,Pupuk,818,18849000.0
STK-000723,KDMP-00121,2026-05-31,Sembako Campuran,554,12709000.0
STK-000724,KDMP-00121,2026-06-30,Beras,389,6178000.0
STK-000725,KDMP-00121,2026-07-31,Gula,649,8162000.0
STK-000726,KDMP-00121,2026-08-13,Sembako Campuran,577,6879000.0
STK-000727,KDMP-00122,2026-03-31,Beras,509,5020000.0
STK-000728,KDMP-00122,2026-04-30,Beras,313,5522000.0
STK-000729,KDMP-00122,2026-05-31,Sembako Campuran,125,1858000.0
STK-000730,KDMP-00122,2026-06-30,Minyak Goreng,703,16886000.0
STK-000731,KDMP-00122,2026-07-31,Minyak Goreng,635,11830000.0
STK-000732,KDMP-00122,2026-08-13,Pupuk,591,7527000.0
STK-000733,KDMP-00123,2026-03-31,Beras,231,5557000.0
STK-000734,KDMP-00123,2026-04-30,Sembako Campuran,164,2913000.0
STK-000735,KDMP-00123,2026-05-31,Beras,186,2081000.0
STK-000736,KDMP-00123,2026-06-30,Gula,317,3610000.0
STK-000737,KDMP-00123,2026-07-31,Pupuk,252,5727000.0
STK-000738,KDMP-00123,2026-08-13,Minyak Goreng,82,946000.0
STK-000739,KDMP-00124,2026-03-31,Gula,134,2322000.0
STK-000740,KDMP-00124,2026-04-30,Gula,205,4129000.0
STK-000741,KDMP-00124,2026-05-31,Beras,272,5007000.0
STK-000742,KDMP-00124,2026-06-30,Beras,239,5074000.0
STK-000743,KDMP-00124,2026-07-31,Beras,105,2265000.0
STK-000744,KDMP-00124,2026-08-13,Sembako Campuran,230,2201000.0
STK-000745,KDMP-00125,2026-03-31,Minyak Goreng,711,15604000.0
STK-000746,KDMP-00125,2026-04-30,Sembako Campuran,437,6889000.0
STK-000747,KDMP-00125,2026-05-31,Gula,897,15977000.0
STK-000748,KDMP-00125,2026-06-30,Sembako Campuran,703,10263000.0
STK-000749,KDMP-00125,2026-07-31,Beras,54,931000.0
STK-000750,KDMP-00125,2026-08-13,Gula,142,2458000.0
STK-000751,KDMP-00126,2026-03-31,Beras,181,1573000.0
STK-000752,KDMP-00126,2026-04-30,Sembako Campuran,310,7605000.0
STK-000753,KDMP-00126,2026-05-31,Beras,159,2447000.0
STK-000754,KDMP-00126,2026-06-30,Beras,201,3131000.0
STK-000755,KDMP-00126,2026-07-31,Sembako Campuran,162,1551000.0
STK-000756,KDMP-00126,2026-08-13,Sembako Campuran,276,3424000.0
STK-000757,KDMP-00127,2026-03-31,Minyak Goreng,57,1236000.0
STK-000758,KDMP-00127,2026-04-30,Beras,25,310000.0
STK-000759,KDMP-00127,2026-05-31,Pupuk,26,545000.0
STK-000760,KDMP-00127,2026-06-30,Sembako Campuran,5,67000.0
STK-000761,KDMP-00127,2026-07-31,Pupuk,43,769000.0
STK-000762,KDMP-00127,2026-08-13,Beras,85,894000.0
STK-000763,KDMP-00128,2026-03-31,Beras,297,3724000.0
STK-000764,KDMP-00128,2026-04-30,Beras,361,6196000.0
STK-000765,KDMP-00128,2026-05-31,Minyak Goreng,162,1675000.0
STK-000766,KDMP-00128,2026-06-30,Beras,245,5155000.0
STK-000767,KDMP-00128,2026-07-31,Sembako Campuran,254,2640000.0
STK-000768,KDMP-00128,2026-08-13,Pupuk,225,3701000.0
STK-000769,KDMP-00129,2026-03-31,Pupuk,452,9684000.0
STK-000770,KDMP-00129,2026-04-30,Minyak Goreng,350,4654000.0
STK-000771,KDMP-00129,2026-05-31,Beras,510,4153000.0
STK-000772,KDMP-00129,2026-06-30,Minyak Goreng,339,7159000.0
STK-000773,KDMP-00129,2026-07-31,Gula,565,9793000.0
STK-000774,KDMP-00129,2026-08-13,Pupuk,898,19188000.0
STK-000775,KDMP-00130,2026-03-31,Gula,87,1680000.0
STK-000776,KDMP-00130,2026-04-30,Minyak Goreng,98,1558000.0
STK-000777,KDMP-00130,2026-05-31,Beras,169,2525000.0
STK-000778,KDMP-00130,2026-06-30,Gula,259,4372000.0
STK-000779,KDMP-00130,2026-07-31,Minyak Goreng,149,3418000.0
STK-000780,KDMP-00130,2026-08-13,Gula,428,7555000.0
STK-000781,KDMP-00131,2026-03-31,Pupuk,133,1130000.0
STK-000782,KDMP-00131,2026-04-30,Gula,349,2860000.0
STK-000783,KDMP-00131,2026-05-31,Pupuk,208,5043000.0
STK-000784,KDMP-00131,2026-06-30,Pupuk,311,7620000.0
STK-000785,KDMP-00131,2026-07-31,Gula,382,9410000.0
STK-000786,KDMP-00131,2026-08-13,Beras,394,5160000.0
STK-000787,KDMP-00132,2026-03-31,Pupuk,133,1599000.0
STK-000788,KDMP-00132,2026-04-30,Minyak Goreng,328,6114000.0
STK-000789,KDMP-00132,2026-05-31,Pupuk,226,5056000.0
STK-000790,KDMP-00132,2026-06-30,Gula,262,3975000.0
STK-000791,KDMP-00132,2026-07-31,Pupuk,297,3200000.0
STK-000792,KDMP-00132,2026-08-13,Gula,347,3521000.0
STK-000793,KDMP-00133,2026-03-31,Beras,305,4789000.0
STK-000794,KDMP-00133,2026-04-30,Gula,664,13254000.0
STK-000795,KDMP-00133,2026-05-31,Minyak Goreng,859,18309000.0
STK-000796,KDMP-00133,2026-06-30,Sembako Campuran,509,4735000.0
STK-000797,KDMP-00133,2026-07-31,Sembako Campuran,1001,14964000.0
STK-000798,KDMP-00133,2026-08-13,Sembako Campuran,981,12343000.0
STK-000799,KDMP-00134,2026-03-31,Minyak Goreng,556,5209000.0
STK-000800,KDMP-00134,2026-04-30,Beras,694,9818000.0
STK-000801,KDMP-00134,2026-05-31,Pupuk,845,18342000.0
STK-000802,KDMP-00134,2026-06-30,Minyak Goreng,590,7742000.0
STK-000803,KDMP-00134,2026-07-31,Minyak Goreng,451,5692000.0
STK-000804,KDMP-00134,2026-08-13,Gula,466,7050000.0
STK-000805,KDMP-00135,2026-03-31,Pupuk,877,9265000.0
STK-000806,KDMP-00135,2026-04-30,Pupuk,592,7280000.0
STK-000807,KDMP-00135,2026-05-31,Beras,424,9055000.0
STK-000808,KDMP-00135,2026-06-30,Pupuk,761,9664000.0
STK-000809,KDMP-00135,2026-07-31,Sembako Campuran,14,141000.0
STK-000810,KDMP-00135,2026-08-13,Sembako Campuran,29,503000.0
STK-000811,KDMP-00136,2026-03-31,Gula,25,564000.0
STK-000812,KDMP-00136,2026-04-30,Pupuk,26,507000.0
STK-000813,KDMP-00136,2026-05-31,Beras,119,2583000.0
STK-000814,KDMP-00136,2026-06-30,Sembako Campuran,43,930000.0
STK-000815,KDMP-00136,2026-07-31,Beras,62,770000.0
STK-000816,KDMP-00136,2026-08-13,Beras,17,165000.0
STK-000817,KDMP-00137,2026-03-31,Pupuk,182,4173000.0
STK-000818,KDMP-00137,2026-04-30,Minyak Goreng,332,3120000.0
STK-000819,KDMP-00137,2026-05-31,Beras,289,5792000.0
STK-000820,KDMP-00137,2026-06-30,Beras,610,10354000.0
STK-000821,KDMP-00137,2026-07-31,Sembako Campuran,350,3647000.0
STK-000822,KDMP-00137,2026-08-13,Beras,549,6283000.0
STK-000823,KDMP-00138,2026-03-31,Sembako Campuran,463,8385000.0
STK-000824,KDMP-00138,2026-04-30,Beras,718,16881000.0
STK-000825,KDMP-00138,2026-05-31,Beras,719,6148000.0
STK-000826,KDMP-00138,2026-06-30,Beras,802,12890000.0
STK-000827,KDMP-00138,2026-07-31,Beras,711,11688000.0
STK-000828,KDMP-00138,2026-08-13,Gula,590,11262000.0
STK-000829,KDMP-00139,2026-03-31,Gula,681,15689000.0
STK-000830,KDMP-00139,2026-04-30,Pupuk,424,10511000.0
STK-000831,KDMP-00139,2026-05-31,Beras,695,14436000.0
STK-000832,KDMP-00139,2026-06-30,Pupuk,475,8498000.0
STK-000833,KDMP-00139,2026-07-31,Pupuk,729,16013000.0
STK-000834,KDMP-00139,2026-08-13,Beras,915,17099000.0
STK-000835,KDMP-00140,2026-03-31,Sembako Campuran,164,1935000.0
STK-000836,KDMP-00140,2026-04-30,Minyak Goreng,117,1876000.0
STK-000837,KDMP-00140,2026-05-31,Sembako Campuran,288,6403000.0
STK-000838,KDMP-00140,2026-06-30,Sembako Campuran,624,13260000.0
STK-000839,KDMP-00140,2026-07-31,Gula,859,13705000.0
STK-000840,KDMP-00140,2026-08-13,Beras,356,7025000.0
STK-000841,KDMP-00141,2026-03-31,Minyak Goreng,54,1198000.0
STK-000842,KDMP-00141,2026-04-30,Sembako Campuran,90,2065000.0
STK-000843,KDMP-00141,2026-05-31,Beras,501,8106000.0
STK-000844,KDMP-00141,2026-06-30,Beras,607,13498000.0
STK-000845,KDMP-00141,2026-07-31,Beras,611,13855000.0
STK-000846,KDMP-00141,2026-08-13,Sembako Campuran,539,4449000.0
STK-000847,KDMP-00142,2026-03-31,Sembako Campuran,37,841000.0
STK-000848,KDMP-00142,2026-04-30,Pupuk,19,235000.0
STK-000849,KDMP-00142,2026-05-31,Gula,100,1163000.0
STK-000850,KDMP-00142,2026-06-30,Gula,443,9751000.0
STK-000851,KDMP-00142,2026-07-31,Gula,881,12806000.0
STK-000852,KDMP-00142,2026-08-13,Gula,996,12363000.0
STK-000853,KDMP-00143,2026-03-31,Pupuk,311,6095000.0
STK-000854,KDMP-00143,2026-04-30,Sembako Campuran,268,2683000.0
STK-000855,KDMP-00143,2026-05-31,Minyak Goreng,402,5708000.0
STK-000856,KDMP-00143,2026-06-30,Gula,124,1235000.0
STK-000857,KDMP-00143,2026-07-31,Beras,378,5520000.0
STK-000858,KDMP-00143,2026-08-13,Beras,122,1386000.0
STK-000859,KDMP-00144,2026-03-31,Pupuk,425,8087000.0
STK-000860,KDMP-00144,2026-04-30,Beras,177,3969000.0
STK-000861,KDMP-00144,2026-05-31,Pupuk,371,6613000.0
STK-000862,KDMP-00144,2026-06-30,Beras,204,1861000.0
STK-000863,KDMP-00144,2026-07-31,Sembako Campuran,339,6968000.0
STK-000864,KDMP-00144,2026-08-13,Minyak Goreng,150,1239000.0
STK-000865,KDMP-00145,2026-03-31,Gula,97,2279000.0
STK-000866,KDMP-00145,2026-04-30,Sembako Campuran,181,3933000.0
STK-000867,KDMP-00145,2026-05-31,Minyak Goreng,319,4744000.0
STK-000868,KDMP-00145,2026-06-30,Pupuk,350,6456000.0
STK-000869,KDMP-00145,2026-07-31,Pupuk,290,2781000.0
STK-000870,KDMP-00145,2026-08-13,Gula,169,3539000.0
STK-000871,KDMP-00146,2026-03-31,Sembako Campuran,749,7972000.0
STK-000872,KDMP-00146,2026-04-30,Beras,693,10545000.0
STK-000873,KDMP-00146,2026-05-31,Beras,432,5931000.0
STK-000874,KDMP-00146,2026-06-30,Gula,707,16543000.0
STK-000875,KDMP-00146,2026-07-31,Pupuk,347,4158000.0
STK-000876,KDMP-00146,2026-08-13,Pupuk,630,6095000.0
STK-000877,KDMP-00147,2026-03-31,Beras,63,1510000.0
STK-000878,KDMP-00147,2026-04-30,Minyak Goreng,137,2172000.0
STK-000879,KDMP-00147,2026-05-31,Pupuk,3,39000.0
STK-000880,KDMP-00147,2026-06-30,Pupuk,274,6807000.0
STK-000881,KDMP-00147,2026-07-31,Pupuk,182,1893000.0
STK-000882,KDMP-00147,2026-08-13,Beras,85,1346000.0
STK-000883,KDMP-00148,2026-03-31,Pupuk,727,10286000.0
STK-000884,KDMP-00148,2026-04-30,Minyak Goreng,662,16493000.0
STK-000885,KDMP-00148,2026-05-31,Gula,702,8200000.0
STK-000886,KDMP-00148,2026-06-30,Minyak Goreng,727,12367000.0
STK-000887,KDMP-00148,2026-07-31,Pupuk,381,3520000.0
STK-000888,KDMP-00148,2026-08-13,Minyak Goreng,312,4931000.0
STK-000889,KDMP-00149,2026-03-31,Pupuk,458,5009000.0
STK-000890,KDMP-00149,2026-04-30,Minyak Goreng,605,10271000.0
STK-000891,KDMP-00149,2026-05-31,Pupuk,426,7146000.0
STK-000892,KDMP-00149,2026-06-30,Minyak Goreng,532,8132000.0
STK-000893,KDMP-00149,2026-07-31,Minyak Goreng,462,6659000.0
STK-000894,KDMP-00149,2026-08-13,Minyak Goreng,508,11488000.0
STK-000895,KDMP-00150,2026-03-31,Gula,140,2425000.0
STK-000896,KDMP-00150,2026-04-30,Minyak Goreng,256,3607000.0
STK-000897,KDMP-00150,2026-05-31,Gula,233,4724000.0
STK-000898,KDMP-00150,2026-06-30,Beras,244,4739000.0
STK-000899,KDMP-00150,2026-07-31,Gula,314,7509000.0
STK-000900,KDMP-00150,2026-08-13,Pupuk,230,2065000.0
STK-000901,KDMP-00151,2026-03-31,Pupuk,809,10044000.0
STK-000902,KDMP-00151,2026-04-30,Sembako Campuran,753,18103000.0
STK-000903,KDMP-00151,2026-05-31,Beras,616,10978000.0
STK-000904,KDMP-00151,2026-06-30,Gula,542,12202000.0
STK-000905,KDMP-00151,2026-07-31,Pupuk,835,11141000.0
STK-000906,KDMP-00151,2026-08-13,Sembako Campuran,329,5281000.0
STK-000907,KDMP-00152,2026-03-31,Pupuk,95,1307000.0
STK-000908,KDMP-00152,2026-04-30,Beras,127,2283000.0
STK-000909,KDMP-00152,2026-05-31,Minyak Goreng,107,1328000.0
STK-000910,KDMP-00152,2026-06-30,Minyak Goreng,109,2261000.0
STK-000911,KDMP-00152,2026-07-31,Minyak Goreng,23,207000.0
STK-000912,KDMP-00152,2026-08-13,Beras,57,923000.0
STK-000913,KDMP-00153,2026-03-31,Gula,156,3450000.0
STK-000914,KDMP-00153,2026-04-30,Gula,19,311000.0
STK-000915,KDMP-00153,2026-05-31,Sembako Campuran,105,1121000.0
STK-000916,KDMP-00153,2026-06-30,Gula,36,800000.0
STK-000917,KDMP-00153,2026-07-31,Beras,26,374000.0
STK-000918,KDMP-00153,2026-08-13,Sembako Campuran,96,781000.0
STK-000919,KDMP-00154,2026-03-31,Minyak Goreng,131,1114000.0
STK-000920,KDMP-00154,2026-04-30,Sembako Campuran,343,8481000.0
STK-000921,KDMP-00154,2026-05-31,Minyak Goreng,331,7659000.0
STK-000922,KDMP-00154,2026-06-30,Beras,206,4551000.0
STK-000923,KDMP-00154,2026-07-31,Gula,140,1290000.0
STK-000924,KDMP-00154,2026-08-13,Beras,437,10343000.0
STK-000925,KDMP-00155,2026-03-31,Beras,171,3947000.0
STK-000926,KDMP-00155,2026-04-30,Pupuk,336,8065000.0
STK-000927,KDMP-00155,2026-05-31,Gula,32,481000.0
STK-000928,KDMP-00155,2026-06-30,Minyak Goreng,129,1858000.0
STK-000929,KDMP-00155,2026-07-31,Sembako Campuran,139,2153000.0
STK-000930,KDMP-00155,2026-08-13,Sembako Campuran,64,1577000.0
STK-000931,KDMP-00156,2026-03-31,Gula,461,8099000.0
STK-000932,KDMP-00156,2026-04-30,Pupuk,557,5032000.0
STK-000933,KDMP-00156,2026-05-31,Pupuk,656,16251000.0
STK-000934,KDMP-00156,2026-06-30,Minyak Goreng,519,10665000.0
STK-000935,KDMP-00156,2026-07-31,Gula,493,12252000.0
STK-000936,KDMP-00156,2026-08-13,Sembako Campuran,482,5168000.0
STK-000937,KDMP-00157,2026-03-31,Beras,152,2115000.0
STK-000938,KDMP-00157,2026-04-30,Beras,265,5801000.0
STK-000939,KDMP-00157,2026-05-31,Gula,205,3103000.0
STK-000940,KDMP-00157,2026-06-30,Minyak Goreng,368,5782000.0
STK-000941,KDMP-00157,2026-07-31,Sembako Campuran,232,5710000.0
STK-000942,KDMP-00157,2026-08-13,Pupuk,359,6696000.0
STK-000943,KDMP-00158,2026-03-31,Sembako Campuran,71,1178000.0
STK-000944,KDMP-00158,2026-04-30,Gula,99,1497000.0
STK-000945,KDMP-00158,2026-05-31,Beras,114,2552000.0
STK-000946,KDMP-00158,2026-06-30,Beras,78,1506000.0
STK-000947,KDMP-00158,2026-07-31,Beras,143,1562000.0
STK-000948,KDMP-00158,2026-08-13,Pupuk,132,3085000.0
STK-000949,KDMP-00159,2026-03-31,Pupuk,343,2934000.0
STK-000950,KDMP-00159,2026-04-30,Minyak Goreng,701,12577000.0
STK-000951,KDMP-00159,2026-05-31,Minyak Goreng,506,5703000.0
STK-000952,KDMP-00159,2026-06-30,Beras,834,10141000.0
STK-000953,KDMP-00159,2026-07-31,Pupuk,799,18696000.0
STK-000954,KDMP-00159,2026-08-13,Minyak Goreng,1045,10377000.0
STK-000955,KDMP-00160,2026-03-31,Beras,158,3403000.0
STK-000956,KDMP-00160,2026-04-30,Sembako Campuran,181,3000000.0
STK-000957,KDMP-00160,2026-05-31,Sembako Campuran,195,4157000.0
STK-000958,KDMP-00160,2026-06-30,Minyak Goreng,323,3642000.0
STK-000959,KDMP-00160,2026-07-31,Sembako Campuran,203,4796000.0
STK-000960,KDMP-00160,2026-08-13,Pupuk,147,2519000.0
STK-000961,KDMP-00161,2026-03-31,Minyak Goreng,332,8299000.0
STK-000962,KDMP-00161,2026-04-30,Pupuk,326,6979000.0
STK-000963,KDMP-00161,2026-05-31,Pupuk,336,3017000.0
STK-000964,KDMP-00161,2026-06-30,Sembako Campuran,242,5670000.0
STK-000965,KDMP-00161,2026-07-31,Minyak Goreng,161,1442000.0
STK-000966,KDMP-00161,2026-08-13,Gula,246,2796000.0
STK-000967,KDMP-00162,2026-03-31,Beras,282,3588000.0
STK-000968,KDMP-00162,2026-04-30,Pupuk,246,4458000.0
STK-000969,KDMP-00162,2026-05-31,Pupuk,286,6672000.0
STK-000970,KDMP-00162,2026-06-30,Minyak Goreng,797,14315000.0
STK-000971,KDMP-00162,2026-07-31,Gula,338,4020000.0
STK-000972,KDMP-00162,2026-08-13,Gula,715,7277000.0
STK-000973,KDMP-00163,2026-03-31,Sembako Campuran,587,7874000.0
STK-000974,KDMP-00163,2026-04-30,Minyak Goreng,592,8591000.0
STK-000975,KDMP-00163,2026-05-31,Gula,833,12693000.0
STK-000976,KDMP-00163,2026-06-30,Sembako Campuran,166,1341000.0
STK-000977,KDMP-00163,2026-07-31,Pupuk,226,3856000.0
STK-000978,KDMP-00163,2026-08-13,Minyak Goreng,96,868000.0
STK-000979,KDMP-00164,2026-03-31,Pupuk,169,3337000.0
STK-000980,KDMP-00164,2026-04-30,Minyak Goreng,217,2735000.0
STK-000981,KDMP-00164,2026-05-31,Beras,264,3456000.0
STK-000982,KDMP-00164,2026-06-30,Gula,208,4908000.0
STK-000983,KDMP-00164,2026-07-31,Minyak Goreng,147,2689000.0
STK-000984,KDMP-00164,2026-08-13,Minyak Goreng,201,4547000.0
STK-000985,KDMP-00165,2026-03-31,Pupuk,336,4038000.0
STK-000986,KDMP-00165,2026-04-30,Sembako Campuran,339,6748000.0
STK-000987,KDMP-00165,2026-05-31,Beras,290,5948000.0
STK-000988,KDMP-00165,2026-06-30,Gula,222,3635000.0
STK-000989,KDMP-00165,2026-07-31,Minyak Goreng,168,2985000.0
STK-000990,KDMP-00165,2026-08-13,Sembako Campuran,225,4053000.0
STK-000991,KDMP-00166,2026-03-31,Beras,416,9499000.0
STK-000992,KDMP-00166,2026-04-30,Pupuk,579,9976000.0
STK-000993,KDMP-00166,2026-05-31,Pupuk,487,11210000.0
STK-000994,KDMP-00166,2026-06-30,Sembako Campuran,674,9509000.0
STK-000995,KDMP-00166,2026-07-31,Pupuk,93,1600000.0
STK-000996,KDMP-00166,2026-08-13,Gula,70,1129000.0
STK-000997,KDMP-00167,2026-03-31,Gula,329,5473000.0
STK-000998,KDMP-00167,2026-04-30,Pupuk,693,14720000.0
STK-000999,KDMP-00167,2026-05-31,Pupuk,413,8781000.0
STK-001000,KDMP-00167,2026-06-30,Minyak Goreng,365,6554000.0
STK-001001,KDMP-00167,2026-07-31,Beras,408,9295000.0
STK-001002,KDMP-00167,2026-08-13,Gula,652,9125000.0
STK-001003,KDMP-00168,2026-03-31,Minyak Goreng,775,10151000.0
STK-001004,KDMP-00168,2026-04-30,Minyak Goreng,418,8748000.0
STK-001005,KDMP-00168,2026-05-31,Minyak Goreng,365,8788000.0
STK-001006,KDMP-00168,2026-06-30,Sembako Campuran,441,5683000.0
STK-001007,KDMP-00168,2026-07-31,Gula,115,946000.0
STK-001008,KDMP-00168,2026-08-13,Minyak Goreng,345,5360000.0
STK-001009,KDMP-00169,2026-03-31,Pupuk,295,6967000.0
STK-001010,KDMP-00169,2026-04-30,Gula,353,6309000.0
STK-001011,KDMP-00169,2026-05-31,Beras,319,7085000.0
STK-001012,KDMP-00169,2026-06-30,Beras,397,3681000.0
STK-001013,KDMP-00169,2026-07-31,Sembako Campuran,454,9521000.0
STK-001014,KDMP-00169,2026-08-13,Gula,390,5095000.0
STK-001015,KDMP-00170,2026-03-31,Beras,799,9410000.0
STK-001016,KDMP-00170,2026-04-30,Sembako Campuran,573,4791000.0
STK-001017,KDMP-00170,2026-05-31,Gula,549,4740000.0
STK-001018,KDMP-00170,2026-06-30,Gula,350,6876000.0
STK-001019,KDMP-00170,2026-07-31,Minyak Goreng,355,8728000.0
STK-001020,KDMP-00170,2026-08-13,Pupuk,422,7148000.0
STK-001021,KDMP-00171,2026-03-31,Minyak Goreng,182,2162000.0
STK-001022,KDMP-00171,2026-04-30,Gula,184,2863000.0
STK-001023,KDMP-00171,2026-05-31,Minyak Goreng,342,6651000.0
STK-001024,KDMP-00171,2026-06-30,Beras,412,8805000.0
STK-001025,KDMP-00171,2026-07-31,Pupuk,386,7138000.0
STK-001026,KDMP-00171,2026-08-13,Minyak Goreng,496,6495000.0
STK-001027,KDMP-00172,2026-03-31,Pupuk,556,7057000.0
STK-001028,KDMP-00172,2026-04-30,Gula,692,10945000.0
STK-001029,KDMP-00172,2026-05-31,Gula,832,14058000.0
STK-001030,KDMP-00172,2026-06-30,Gula,912,18956000.0
STK-001031,KDMP-00172,2026-07-31,Pupuk,456,5594000.0
STK-001032,KDMP-00172,2026-08-13,Gula,828,18149000.0
STK-001033,KDMP-00173,2026-03-31,Beras,620,14007000.0
STK-001034,KDMP-00173,2026-04-30,Gula,566,14131000.0
STK-001035,KDMP-00173,2026-05-31,Minyak Goreng,654,7149000.0
STK-001036,KDMP-00173,2026-06-30,Gula,364,6380000.0
STK-001037,KDMP-00173,2026-07-31,Gula,734,6842000.0
STK-001038,KDMP-00173,2026-08-13,Pupuk,431,6587000.0
STK-001039,KDMP-00174,2026-03-31,Pupuk,325,4748000.0
STK-001040,KDMP-00174,2026-04-30,Pupuk,353,2889000.0
STK-001041,KDMP-00174,2026-05-31,Minyak Goreng,347,4957000.0
STK-001042,KDMP-00174,2026-06-30,Sembako Campuran,276,4169000.0
STK-001043,KDMP-00174,2026-07-31,Sembako Campuran,210,2297000.0
STK-001044,KDMP-00174,2026-08-13,Beras,198,1797000.0
STK-001045,KDMP-00175,2026-03-31,Sembako Campuran,132,1816000.0
STK-001046,KDMP-00175,2026-04-30,Pupuk,317,4222000.0
STK-001047,KDMP-00175,2026-05-31,Pupuk,214,2725000.0
STK-001048,KDMP-00175,2026-06-30,Beras,305,6771000.0
STK-001049,KDMP-00175,2026-07-31,Pupuk,185,3158000.0
STK-001050,KDMP-00175,2026-08-13,Gula,139,2267000.0
STK-001051,KDMP-00176,2026-03-31,Sembako Campuran,499,7857000.0
STK-001052,KDMP-00176,2026-04-30,Gula,407,3610000.0
STK-001053,KDMP-00176,2026-05-31,Pupuk,689,15389000.0
STK-001054,KDMP-00176,2026-06-30,Gula,488,7339000.0
STK-001055,KDMP-00176,2026-07-31,Gula,765,15939000.0
STK-001056,KDMP-00176,2026-08-13,Beras,794,19373000.0
STK-001057,KDMP-00177,2026-03-31,Sembako Campuran,549,10869000.0
STK-001058,KDMP-00177,2026-04-30,Beras,637,11690000.0
STK-001059,KDMP-00177,2026-05-31,Minyak Goreng,407,6545000.0
STK-001060,KDMP-00177,2026-06-30,Pupuk,14,297000.0
STK-001061,KDMP-00177,2026-07-31,Sembako Campuran,75,1429000.0
STK-001062,KDMP-00177,2026-08-13,Gula,27,324000.0
STK-001063,KDMP-00178,2026-03-31,Beras,80,1099000.0
STK-001064,KDMP-00178,2026-04-30,Gula,38,476000.0
STK-001065,KDMP-00178,2026-05-31,Gula,36,305000.0
STK-001066,KDMP-00178,2026-06-30,Gula,87,729000.0
STK-001067,KDMP-00178,2026-07-31,Sembako Campuran,87,2034000.0
STK-001068,KDMP-00178,2026-08-13,Gula,19,211000.0
STK-001069,KDMP-00179,2026-03-31,Pupuk,322,5722000.0
STK-001070,KDMP-00179,2026-04-30,Gula,330,6966000.0
STK-001071,KDMP-00179,2026-05-31,Sembako Campuran,252,3426000.0
STK-001072,KDMP-00179,2026-06-30,Beras,277,6022000.0
STK-001073,KDMP-00179,2026-07-31,Minyak Goreng,239,4239000.0
STK-001074,KDMP-00179,2026-08-13,Sembako Campuran,210,4166000.0
STK-001075,KDMP-00180,2026-03-31,Gula,331,5358000.0
STK-001076,KDMP-00180,2026-04-30,Pupuk,345,7445000.0
STK-001077,KDMP-00180,2026-05-31,Sembako Campuran,366,6890000.0
STK-001078,KDMP-00180,2026-06-30,Beras,278,5506000.0
STK-001079,KDMP-00180,2026-07-31,Beras,254,3857000.0
STK-001080,KDMP-00180,2026-08-13,Beras,148,3004000.0
STK-001081,KDMP-00181,2026-03-31,Beras,30,668000.0
STK-001082,KDMP-00181,2026-04-30,Beras,24,572000.0
STK-001083,KDMP-00181,2026-05-31,Minyak Goreng,141,2519000.0
STK-001084,KDMP-00181,2026-06-30,Sembako Campuran,80,1477000.0
STK-001085,KDMP-00181,2026-07-31,Sembako Campuran,148,2418000.0
STK-001086,KDMP-00181,2026-08-13,Minyak Goreng,98,2393000.0
STK-001087,KDMP-00182,2026-03-31,Beras,464,4425000.0
STK-001088,KDMP-00182,2026-04-30,Pupuk,799,10575000.0
STK-001089,KDMP-00182,2026-05-31,Minyak Goreng,610,6516000.0
STK-001090,KDMP-00182,2026-06-30,Minyak Goreng,683,13440000.0
STK-001091,KDMP-00182,2026-07-31,Pupuk,386,8148000.0
STK-001092,KDMP-00182,2026-08-13,Beras,858,15638000.0
STK-001093,KDMP-00183,2026-03-31,Gula,146,2572000.0
STK-001094,KDMP-00183,2026-04-30,Beras,323,5872000.0
STK-001095,KDMP-00183,2026-05-31,Beras,329,5088000.0
STK-001096,KDMP-00183,2026-06-30,Pupuk,396,6739000.0
STK-001097,KDMP-00183,2026-07-31,Pupuk,398,8208000.0
STK-001098,KDMP-00183,2026-08-13,Minyak Goreng,238,2124000.0
STK-001099,KDMP-00184,2026-03-31,Beras,332,7296000.0
STK-001100,KDMP-00184,2026-04-30,Sembako Campuran,269,4047000.0
STK-001101,KDMP-00184,2026-05-31,Pupuk,130,2441000.0
STK-001102,KDMP-00184,2026-06-30,Sembako Campuran,320,4430000.0
STK-001103,KDMP-00184,2026-07-31,Beras,337,7869000.0
STK-001104,KDMP-00184,2026-08-13,Sembako Campuran,278,3418000.0
STK-001105,KDMP-00185,2026-03-31,Sembako Campuran,77,1796000.0
STK-001106,KDMP-00185,2026-04-30,Beras,0,0.0
STK-001107,KDMP-00185,2026-05-31,Minyak Goreng,7,127000.0
STK-001108,KDMP-00185,2026-06-30,Beras,45,701000.0
STK-001109,KDMP-00185,2026-07-31,Sembako Campuran,81,1391000.0
STK-001110,KDMP-00185,2026-08-13,Gula,163,3684000.0
STK-001111,KDMP-00186,2026-03-31,Gula,15,162000.0
STK-001112,KDMP-00186,2026-04-30,Pupuk,81,1709000.0
STK-001113,KDMP-00186,2026-05-31,Beras,48,1156000.0
STK-001114,KDMP-00186,2026-06-30,Pupuk,78,1499000.0
STK-001115,KDMP-00186,2026-07-31,Pupuk,34,646000.0
STK-001116,KDMP-00186,2026-08-13,Sembako Campuran,70,563000.0
STK-001117,KDMP-00187,2026-03-31,Gula,132,3041000.0
STK-001118,KDMP-00187,2026-04-30,Gula,29,465000.0
STK-001119,KDMP-00187,2026-05-31,Beras,74,1259000.0
STK-001120,KDMP-00187,2026-06-30,Minyak Goreng,15,134000.0
STK-001121,KDMP-00187,2026-07-31,Pupuk,51,991000.0
STK-001122,KDMP-00187,2026-08-13,Gula,20,433000.0
STK-001123,KDMP-00188,2026-03-31,Sembako Campuran,421,5179000.0
STK-001124,KDMP-00188,2026-04-30,Beras,855,19921000.0
STK-001125,KDMP-00188,2026-05-31,Minyak Goreng,694,9035000.0
STK-001126,KDMP-00188,2026-06-30,Gula,667,9576000.0
STK-001127,KDMP-00188,2026-07-31,Minyak Goreng,664,15909000.0
STK-001128,KDMP-00188,2026-08-13,Minyak Goreng,628,7679000.0
STK-001129,KDMP-00189,2026-03-31,Beras,548,8589000.0
STK-001130,KDMP-00189,2026-04-30,Beras,535,11202000.0
STK-001131,KDMP-00189,2026-05-31,Pupuk,669,8107000.0
STK-001132,KDMP-00189,2026-06-30,Beras,598,11796000.0
STK-001133,KDMP-00189,2026-07-31,Pupuk,311,6528000.0
STK-001134,KDMP-00189,2026-08-13,Gula,219,3736000.0
STK-001135,KDMP-00190,2026-03-31,Beras,358,4558000.0
STK-001136,KDMP-00190,2026-04-30,Pupuk,399,8802000.0
STK-001137,KDMP-00190,2026-05-31,Beras,896,15497000.0
STK-001138,KDMP-00190,2026-06-30,Gula,709,11117000.0
STK-001139,KDMP-00190,2026-07-31,Gula,495,11862000.0
STK-001140,KDMP-00190,2026-08-13,Minyak Goreng,883,21486000.0
STK-001141,KDMP-00191,2026-03-31,Sembako Campuran,41,890000.0
STK-001142,KDMP-00191,2026-04-30,Sembako Campuran,126,1881000.0
STK-001143,KDMP-00191,2026-05-31,Gula,47,624000.0
STK-001144,KDMP-00191,2026-06-30,Minyak Goreng,143,2764000.0
STK-001145,KDMP-00191,2026-07-31,Sembako Campuran,8,99000.0
STK-001146,KDMP-00191,2026-08-13,Sembako Campuran,34,828000.0
STK-001147,KDMP-00192,2026-03-31,Beras,126,1901000.0
STK-001148,KDMP-00192,2026-04-30,Gula,422,7459000.0
STK-001149,KDMP-00192,2026-05-31,Sembako Campuran,346,4985000.0
STK-001150,KDMP-00192,2026-06-30,Minyak Goreng,417,7996000.0
STK-001151,KDMP-00192,2026-07-31,Sembako Campuran,332,7121000.0
STK-001152,KDMP-00192,2026-08-13,Gula,199,3462000.0
STK-001153,KDMP-00193,2026-03-31,Gula,294,4925000.0
STK-001154,KDMP-00193,2026-04-30,Gula,183,4315000.0
STK-001155,KDMP-00193,2026-05-31,Minyak Goreng,133,1640000.0
STK-001156,KDMP-00193,2026-06-30,Sembako Campuran,298,6475000.0
STK-001157,KDMP-00193,2026-07-31,Sembako Campuran,115,1311000.0
STK-001158,KDMP-00193,2026-08-13,Minyak Goreng,260,4730000.0
STK-001159,KDMP-00194,2026-03-31,Beras,702,5966000.0
STK-001160,KDMP-00194,2026-04-30,Gula,338,8329000.0
STK-001161,KDMP-00194,2026-05-31,Beras,405,7488000.0
STK-001162,KDMP-00194,2026-06-30,Minyak Goreng,448,8550000.0
STK-001163,KDMP-00194,2026-07-31,Sembako Campuran,652,13319000.0
STK-001164,KDMP-00194,2026-08-13,Sembako Campuran,277,2295000.0
STK-001165,KDMP-00195,2026-03-31,Sembako Campuran,457,4839000.0
STK-001166,KDMP-00195,2026-04-30,Gula,261,4807000.0
STK-001167,KDMP-00195,2026-05-31,Minyak Goreng,757,10994000.0
STK-001168,KDMP-00195,2026-06-30,Pupuk,749,14871000.0
STK-001169,KDMP-00195,2026-07-31,Minyak Goreng,603,14764000.0
STK-001170,KDMP-00195,2026-08-13,Minyak Goreng,455,6245000.0
STK-001171,KDMP-00196,2026-03-31,Gula,150,3733000.0
STK-001172,KDMP-00196,2026-04-30,Pupuk,131,2434000.0
STK-001173,KDMP-00196,2026-05-31,Sembako Campuran,90,911000.0
STK-001174,KDMP-00196,2026-06-30,Beras,325,5612000.0
STK-001175,KDMP-00196,2026-07-31,Minyak Goreng,274,4066000.0
STK-001176,KDMP-00196,2026-08-13,Minyak Goreng,98,1882000.0
STK-001177,KDMP-00197,2026-03-31,Gula,309,5706000.0
STK-001178,KDMP-00197,2026-04-30,Gula,567,10048000.0
STK-001179,KDMP-00197,2026-05-31,Pupuk,706,16634000.0
STK-001180,KDMP-00197,2026-06-30,Pupuk,325,3970000.0
STK-001181,KDMP-00197,2026-07-31,Minyak Goreng,372,4009000.0
STK-001182,KDMP-00197,2026-08-13,Sembako Campuran,758,12277000.0
STK-001183,KDMP-00198,2026-03-31,Gula,225,1849000.0
STK-001184,KDMP-00198,2026-04-30,Gula,175,1904000.0
STK-001185,KDMP-00198,2026-05-31,Beras,239,2829000.0
STK-001186,KDMP-00198,2026-06-30,Beras,350,3867000.0
STK-001187,KDMP-00198,2026-07-31,Sembako Campuran,198,3678000.0
STK-001188,KDMP-00198,2026-08-13,Gula,143,1626000.0
